League , Years , Round , Description , Home Team, Away Team, Away Score, Away Score, (no statistics in this season)  header
League , Years , Round , Description , Home Team, Away Team, Away Score, Away Score, (no statistics in this season)  here must be value
League , Years , Round , Description , Home Team, Away Team, Away Score, Away Score,  (no statistics in this season)  here must be value
League , Years , Round , Description , Home Team, Away Team, Away Score, Away Score,  (no statistics in this season)  here must be value
League , Years , Round , Description , Home Team, Away Team, Away Score, Away Score,  (no statistics in this season)  here must be value
League , Years , Round , Description , Home Team, Away Team, Away Score, Away Score,  (no statistics in this season)  here must be value
League , Years , Round , Description , Home Team, Away Team, Away Score, Away Score,  (no statistics in this season)  here must be value
League , Years , Round , Description , Home Team, Away Team, Away Score, Away Score,  (no statistics in this season)  here must be value
League , Years , Round , Description , Home Team, Away Team, Away Score, Away Score,  (no statistics in this season)  here must be value
League , Years , Round , Description , Home Team, Away Team, Away Score, Away Score,  (no statistics in this season)  here must be value
League , Years , Round , Description , Home Team, Away Team, Away Score, Away Score,  (no statistics in this season)  here must be value
League , Years , Round , Description , Home Team, Away Team, Away Score, Away Score,  (no statistics in this season)  here must be value
League , Years , Round , Description , Home Team, Away Team, Away Score, Away Score,  (no statistics in this season)  here must be value
League , Years , Round , Description , Home Team, Away Team, Away Score, Away Score,  (no statistics in this season)  here must be value
League , Years , Round , Description , Home Team, Away Team, Away Score, Away Score,  (no statistics in this season)  here must be value
League , Years , Round , Description , Home Team, Away Team, Away Score, Away Score,  (no statistics in this season)  here must be value
League , Years , Round , Description , Home Team, Away Team, Away Score, Away Score,  (no statistics in this season)  here must be value
League , Years , Round , Description , Home Team, Away Team, Away Score, Away Score,  (no statistics in this season)  here must be value
League , Years , Round , Description , Home Team, Away Team, Away Score, Away Score,  (no statistics in this season)  here must be value
League , Years , Round , Description , Home Team, Away Team, Away Score, Away Score,  (no statistics in this season)  here must be value
League , Years , Round , Description , Home Team, Away Team, Away Score, Away Score,  (no statistics in this season)  here must be value
League , Years , Round , Description , Home Team, Away Team, Away Score, Away Score,  (no statistics in this season)  here must be value
League , Years , Round , Description , Home Team, Away Team, Away Score, Away Score,  (no statistics in this season)  here must be value
League , Years , Round , Description , Home Team, Away Team, Away Score, Away Score,  (no statistics in this season)  here must be value
League , Years , Round , Description , Home Team, Away Team, Away Score, Away Score,  (no statistics in this season)  here must be value
League , Years , Round , Description , Home Team, Away Team, Away Score, Away Score,  (no statistics in this season)  here must be value
League , Years , Round , Description , Home Team, Away Team, Away Score, Away Score,  (no statistics in this season)  here must be value
League , Years , Round , Description , Home Team, Away Team, Away Score, Away Score,  (no statistics in this season)  here must be value
League , Years , Round , Description , Home Team, Away Team, Away Score, Away Score,  (no statistics in this season)  here must be value
League , Years , Round , Description , Home Team, Away Team, Away Score, Away Score,  (no statistics in this season)  here must be value
League , Years , Round , Description , Home Team, Away Team, Away Score, Away Score,  the game is cancaled 9  with id 2834369 at round 3
League , Years , Round , Description , Home Team, Away Team, Away Score, Away Score,  (no statistics in this season)  here must be value
League , Years , Round , Description , Home Team, Away Team, Away Score, Away Score,  (no statistics in this season)  here must be value
League , Years , Round , Description , Home Team, Away Team, Away Score, Away Score,  (no statistics in this season)  here must be value
League , Years , Round , Description , Home Team, Away Team, Away Score, Away Score,  (no statistics in this season)  here must be value
League , Years , Round , Description , Home Team, Away Team, Away Score, Away Score,  (no statistics in this season)  here must be value
League , Years , Round , Description , Home Team, Away Team, Away Score, Away Score,  (no statistics in this season)  here must be value
League , Years , Round , Description , Home Team, Away Team, Away Score, Away Score,  (no statistics in this season)  here must be value
League , Years , Round , Description , Home Team, Away Team, Away Score, Away Score,  (no statistics in this season)  here must be value
League , Years , Round , Description , Home Team, Away Team, Away Score, Away Score,  (no statistics in this season)  here must be value
League , Years , Round , Description , Home Team, Away Team, Away Score, Away Score,  (no statistics in this season)  here must be value
League , Years , Round , Description , Home Team, Away Team, Away Score, Away Score,  (no statistics in this season)  here must be value
League , Years , Round , Description , Home Team, Away Team, Away Score, Away Score,  (no statistics in this season)  here must be value
League , Years , Round , Description , Home Team, Away Team, Away Score, Away Score,  (no statistics in this season)  here must be value
League , Years , Round , Description , Home Team, Away Team, Away Score, Away Score,  (no statistics in this season)  here must be value
League , Years , Round , Description , Home Team, Away Team, Away Score, Away Score,  (no statistics in this season)  here must be value
League , Years , Round , Description , Home Team, Away Team, Away Score, Away Score,  (no statistics in this season)  here must be value
League , Years , Round , Description , Home Team, Away Team, Away Score, Away Score,  (no statistics in this season)  here must be value
League , Years , Round , Description , Home Team, Away Team, Away Score, Away Score,  (no statistics in this season)  here must be value
League , Years , Round , Description , Home Team, Away Team, Away Score, Away Score,  (no statistics in this season)  here must be value
League , Years , Round , Description , Home Team, Away Team, Away Score, Away Score,  (no statistics in this season)  here must be value
League , Years , Round , Description , Home Team, Away Team, Away Score, Away Score,  (no statistics in this season)  here must be value
League , Years , Round , Description , Home Team, Away Team, Away Score, Away Score,  (no statistics in this season)  here must be value
League , Years , Round , Description , Home Team, Away Team, Away Score, Away Score,  (no statistics in this season)  here must be value
League , Years , Round , Description , Home Team, Away Team, Away Score, Away Score,  (no statistics in this season)  here must be value
League , Years , Round , Description , Home Team, Away Team, Away Score, Away Score,  (no statistics in this season)  here must be value
League , Years , Round , Description , Home Team, Away Team, Away Score, Away Score,  (no statistics in this season)  here must be value
League , Years , Round , Description , Home Team, Away Team, Away Score, Away Score,  (no statistics in this season)  here must be value
League , Years , Round , Description , Home Team, Away Team, Away Score, Away Score,  (no statistics in this season)  here must be value
League , Years , Round , Description , Home Team, Away Team, Away Score, Away Score,  (no statistics in this season)  here must be value
League , Years , Round , Description , Home Team, Away Team, Away Score, Away Score,  (no statistics in this season)  here must be value
League , Years , Round , Description , Home Team, Away Team, Away Score, Away Score,  (no statistics in this season)  here must be value
League , Years , Round , Description , Home Team, Away Team, Away Score, Away Score,  (no statistics in this season)  here must be value
League , Years , Round , Description , Home Team, Away Team, Away Score, Away Score,  (no statistics in this season)  here must be value
League , Years , Round , Description , Home Team, Away Team, Away Score, Away Score,  (no statistics in this season)  here must be value
League , Years , Round , Description , Home Team, Away Team, Away Score, Away Score,  (no statistics in this season)  here must be value
League , Years , Round , Description , Home Team, Away Team, Away Score, Away Score,  (no statistics in this season)  here must be value
League , Years , Round , Description , Home Team, Away Team, Away Score, Away Score,  (no statistics in this season)  here must be value
League , Years , Round , Description , Home Team, Away Team, Away Score, Away Score,  (no statistics in this season)  here must be value
League , Years , Round , Description , Home Team, Away Team, Away Score, Away Score,  (no statistics in this season)  here must be value
League , Years , Round , Description , Home Team, Away Team, Away Score, Away Score,  (no statistics in this season)  here must be value
League , Years , Round , Description , Home Team, Away Team, Away Score, Away Score,  (no statistics in this season)  here must be value
League , Years , Round , Description , Home Team, Away Team, Away Score, Away Score,  (no statistics in this season)  here must be value
League , Years , Round , Description , Home Team, Away Team, Away Score, Away Score,  (no statistics in this season)  here must be value
League , Years , Round , Description , Home Team, Away Team, Away Score, Away Score,  (no statistics in this season)  here must be value
League , Years , Round , Description , Home Team, Away Team, Away Score, Away Score,  (no statistics in this season)  here must be value
League , Years , Round , Description , Home Team, Away Team, Away Score, Away Score,  (no statistics in this season)  here must be value
League , Years , Round , Description , Home Team, Away Team, Away Score, Away Score,  (no statistics in this season)  here must be value
League , Years , Round , Description , Home Team, Away Team, Away Score, Away Score,  (no statistics in this season)  here must be value
League , Years , Round , Description , Home Team, Away Team, Away Score, Away Score,  (no statistics in this season)  here must be value
League , Years , Round , Description , Home Team, Away Team, Away Score, Away Score,  (no statistics in this season)  here must be value
League , Years , Round , Description , Home Team, Away Team, Away Score, Away Score,  (no statistics in this season)  here must be value
League , Years , Round , Description , Home Team, Away Team, Away Score, Away Score,  (no statistics in this season)  here must be value
League , Years , Round , Description , Home Team, Away Team, Away Score, Away Score,  (no statistics in this season)  here must be value
League , Years , Round , Description , Home Team, Away Team, Away Score, Away Score,  (no statistics in this season)  here must be value
League , Years , Round , Description , Home Team, Away Team, Away Score, Away Score,  (no statistics in this season)  here must be value
League , Years , Round , Description , Home Team, Away Team, Away Score, Away Score,  (no statistics in this season)  here must be value
League , Years , Round , Description , Home Team, Away Team, Away Score, Away Score,  (no statistics in this season)  here must be value
League , Years , Round , Description , Home Team, Away Team, Away Score, Away Score,  (no statistics in this season)  here must be value
League , Years , Round , Description , Home Team, Away Team, Away Score, Away Score,  (no statistics in this season)  here must be value
League , Years , Round , Description , Home Team, Away Team, Away Score, Away Score,  (no statistics in this season)  here must be value
League , Years , Round , Description , Home Team, Away Team, Away Score, Away Score,  (no statistics in this season)  here must be value
League , Years , Round , Description , Home Team, Away Team, Away Score, Away Score,  (no statistics in this season)  here must be value
League , Years , Round , Description , Home Team, Away Team, Away Score, Away Score,  (no statistics in this season)  here must be value
League , Years , Round , Description , Home Team, Away Team, Away Score, Away Score,  (no statistics in this season)  here must be value
League , Years , Round , Description , Home Team, Away Team, Away Score, Away Score,  (no statistics in this season)  here must be value
League , Years , Round , Description , Home Team, Away Team, Away Score, Away Score,  (no statistics in this season)  here must be value
League , Years , Round , Description , Home Team, Away Team, Away Score, Away Score,  (no statistics in this season)  here must be value
League , Years , Round , Description , Home Team, Away Team, Away Score, Away Score,  (no statistics in this season)  here must be value
League , Years , Round , Description , Home Team, Away Team, Away Score, Away Score,  (no statistics in this season)  here must be value
League , Years , Round , Description , Home Team, Away Team, Away Score, Away Score,  (no statistics in this season)  here must be value
League , Years , Round , Description , Home Team, Away Team, Away Score, Away Score,  (no statistics in this season)  here must be value
League , Years , Round , Description , Home Team, Away Team, Away Score, Away Score,  (no statistics in this season)  here must be value
League , Years , Round , Description , Home Team, Away Team, Away Score, Away Score,  (no statistics in this season)  here must be value
League , Years , Round , Description , Home Team, Away Team, Away Score, Away Score,  (no statistics in this season)  here must be value
League , Years , Round , Description , Home Team, Away Team, Away Score, Away Score,  (no statistics in this season)  here must be value
League , Years , Round , Description , Home Team, Away Team, Away Score, Away Score,  (no statistics in this season)  here must be value
League , Years , Round , Description , Home Team, Away Team, Away Score, Away Score,  (no statistics in this season)  here must be value
League , Years , Round , Description , Home Team, Away Team, Away Score, Away Score,  (no statistics in this season)  here must be value
League , Years , Round , Description , Home Team, Away Team, Away Score, Away Score,  (no statistics in this season)  here must be value
League , Years , Round , Description , Home Team, Away Team, Away Score, Away Score,  (no statistics in this season)  here must be value
League , Years , Round , Description , Home Team, Away Team, Away Score, Away Score,  (no statistics in this season)  here must be value
League , Years , Round , Description , Home Team, Away Team, Away Score, Away Score,  (no statistics in this season)  here must be value
League , Years , Round , Description , Home Team, Away Team, Away Score, Away Score,  (no statistics in this season)  here must be value
League , Years , Round , Description , Home Team, Away Team, Away Score, Away Score,  (no statistics in this season)  here must be value
League , Years , Round , Description , Home Team, Away Team, Away Score, Away Score,  (no statistics in this season)  here must be value
League , Years , Round , Description , Home Team, Away Team, Away Score, Away Score,  (no statistics in this season)  here must be value
League , Years , Round , Description , Home Team, Away Team, Away Score, Away Score,  (no statistics in this season)  here must be value
League , Years , Round , Description , Home Team, Away Team, Away Score, Away Score,  (no statistics in this season)  here must be value
League , Years , Round , Description , Home Team, Away Team, Away Score, Away Score,  (no statistics in this season)  here must be value
League , Years , Round , Description , Home Team, Away Team, Away Score, Away Score,  (no statistics in this season)  here must be value
League , Years , Round , Description , Home Team, Away Team, Away Score, Away Score,  (no statistics in this season)  here must be value
League , Years , Round , Description , Home Team, Away Team, Away Score, Away Score,  (no statistics in this season)  here must be value
League , Years , Round , Description , Home Team, Away Team, Away Score, Away Score,  (no statistics in this season)  here must be value
League , Years , Round , Description , Home Team, Away Team, Away Score, Away Score,  (no statistics in this season)  here must be value
League , Years , Round , Description , Home Team, Away Team, Away Score, Away Score,  (no statistics in this season)  here must be value
League , Years , Round , Description , Home Team, Away Team, Away Score, Away Score,  (no statistics in this season)  here must be value
League , Years , Round , Description , Home Team, Away Team, Away Score, Away Score,  (no statistics in this season)  here must be value
League , Years , Round , Description , Home Team, Away Team, Away Score, Away Score,  (no statistics in this season)  here must be value
League , Years , Round , Description , Home Team, Away Team, Away Score, Away Score,  (no statistics in this season)  here must be value
League , Years , Round , Description , Home Team, Away Team, Away Score, Away Score,  (no statistics in this season)  here must be value
League , Years , Round , Description , Home Team, Away Team, Away Score, Away Score,  (no statistics in this season)  here must be value
League , Years , Round , Description , Home Team, Away Team, Away Score, Away Score,  (no statistics in this season)  here must be value
League , Years , Round , Description , Home Team, Away Team, Away Score, Away Score,  (no statistics in this season)  here must be value
League , Years , Round , Description , Home Team, Away Team, Away Score, Away Score,  (no statistics in this season)  here must be value
League , Years , Round , Description , Home Team, Away Team, Away Score, Away Score,  (no statistics in this season)  here must be value
League , Years , Round , Description , Home Team, Away Team, Away Score, Away Score,  (no statistics in this season)  here must be value
League , Years , Round , Description , Home Team, Away Team, Away Score, Away Score,  (no statistics in this season)  here must be value
League , Years , Round , Description , Home Team, Away Team, Away Score, Away Score,  (no statistics in this season)  here must be value
League , Years , Round , Description , Home Team, Away Team, Away Score, Away Score,  (no statistics in this season)  here must be value
League , Years , Round , Description , Home Team, Away Team, Away Score, Away Score,  (no statistics in this season)  here must be value
League , Years , Round , Description , Home Team, Away Team, Away Score, Away Score,  (no statistics in this season)  here must be value
League , Years , Round , Description , Home Team, Away Team, Away Score, Away Score,  (no statistics in this season)  here must be value
League , Years , Round , Description , Home Team, Away Team, Away Score, Away Score,  (no statistics in this season)  here must be value
League , Years , Round , Description , Home Team, Away Team, Away Score, Away Score,  (no statistics in this season)  here must be value
League , Years , Round , Description , Home Team, Away Team, Away Score, Away Score,  (no statistics in this season)  here must be value
League , Years , Round , Description , Home Team, Away Team, Away Score, Away Score,  (no statistics in this season)  here must be value
League , Years , Round , Description , Home Team, Away Team, Away Score, Away Score,  (no statistics in this season)  here must be value
League , Years , Round , Description , Home Team, Away Team, Away Score, Away Score,  (no statistics in this season)  here must be value
League , Years , Round , Description , Home Team, Away Team, Away Score, Away Score,  (no statistics in this season)  here must be value
League , Years , Round , Description , Home Team, Away Team, Away Score, Away Score,  (no statistics in this season)  here must be value
League , Years , Round , Description , Home Team, Away Team, Away Score, Away Score,  (no statistics in this season)  here must be value
League , Years , Round , Description , Home Team, Away Team, Away Score, Away Score,  (no statistics in this season)  here must be value
League , Years , Round , Description , Home Team, Away Team, Away Score, Away Score,  (no statistics in this season)  here must be value
League , Years , Round , Description , Home Team, Away Team, Away Score, Away Score,  (no statistics in this season)  here must be value
League , Years , Round , Description , Home Team, Away Team, Away Score, Away Score,  (no statistics in this season)  here must be value
League , Years , Round , Description , Home Team, Away Team, Away Score, Away Score,  (no statistics in this season)  here must be value
League , Years , Round , Description , Home Team, Away Team, Away Score, Away Score,  (no statistics in this season)  here must be value
League , Years , Round , Description , Home Team, Away Team, Away Score, Away Score,  (no statistics in this season)  here must be value
League , Years , Round , Description , Home Team, Away Team, Away Score, Away Score,  (no statistics in this season)  here must be value
League , Years , Round , Description , Home Team, Away Team, Away Score, Away Score,  (no statistics in this season)  here must be value
League , Years , Round , Description , Home Team, Away Team, Away Score, Away Score,  (no statistics in this season)  here must be value
League , Years , Round , Description , Home Team, Away Team, Away Score, Away Score,  (no statistics in this season)  here must be value
League , Years , Round , Description , Home Team, Away Team, Away Score, Away Score,  (no statistics in this season)  here must be value
League , Years , Round , Description , Home Team, Away Team, Away Score, Away Score,  (no statistics in this season)  here must be value
League , Years , Round , Description , Home Team, Away Team, Away Score, Away Score,  (no statistics in this season)  here must be value
League , Years , Round , Description , Home Team, Away Team, Away Score, Away Score,  (no statistics in this season)  here must be value
League , Years , Round , Description , Home Team, Away Team, Away Score, Away Score,  (no statistics in this season)  here must be value
League , Years , Round , Description , Home Team, Away Team, Away Score, Away Score,  (no statistics in this season)  here must be value
League , Years , Round , Description , Home Team, Away Team, Away Score, Away Score,  (no statistics in this season)  here must be value
League , Years , Round , Description , Home Team, Away Team, Away Score, Away Score,  (no statistics in this season)  here must be value
League , Years , Round , Description , Home Team, Away Team, Away Score, Away Score,  (no statistics in this season)  here must be value
League , Years , Round , Description , Home Team, Away Team, Away Score, Away Score,  (no statistics in this season)  here must be value
League , Years , Round , Description , Home Team, Away Team, Away Score, Away Score,  (no statistics in this season)  here must be value
League , Years , Round , Description , Home Team, Away Team, Away Score, Away Score,  (no statistics in this season)  here must be value
League , Years , Round , Description , Home Team, Away Team, Away Score, Away Score,  (no statistics in this season)  here must be value
League , Years , Round , Description , Home Team, Away Team, Away Score, Away Score,  (no statistics in this season)  here must be value
League , Years , Round , Description , Home Team, Away Team, Away Score, Away Score,  (no statistics in this season)  here must be value
League , Years , Round , Description , Home Team, Away Team, Away Score, Away Score,  (no statistics in this season)  here must be value
League , Years , Round , Description , Home Team, Away Team, Away Score, Away Score,  (no statistics in this season)  here must be value
League , Years , Round , Description , Home Team, Away Team, Away Score, Away Score,  (no statistics in this season)  here must be value
League , Years , Round , Description , Home Team, Away Team, Away Score, Away Score,  (no statistics in this season)  here must be value
League , Years , Round , Description , Home Team, Away Team, Away Score, Away Score,  (no statistics in this season)  here must be value
League , Years , Round , Description , Home Team, Away Team, Away Score, Away Score,  (no statistics in this season)  here must be value
League , Years , Round , Description , Home Team, Away Team, Away Score, Away Score,  (no statistics in this season)  here must be value
League , Years , Round , Description , Home Team, Away Team, Away Score, Away Score,  (no statistics in this season)  here must be value
League , Years , Round , Description , Home Team, Away Team, Away Score, Away Score,  (no statistics in this season)  here must be value
League , Years , Round , Description , Home Team, Away Team, Away Score, Away Score,  (no statistics in this season)  here must be value
League , Years , Round , Description , Home Team, Away Team, Away Score, Away Score,  (no statistics in this season)  here must be value
League , Years , Round , Description , Home Team, Away Team, Away Score, Away Score,  (no statistics in this season)  here must be value
League , Years , Round , Description , Home Team, Away Team, Away Score, Away Score,  (no statistics in this season)  here must be value
League , Years , Round , Description , Home Team, Away Team, Away Score, Away Score,  (no statistics in this season)  here must be value
League , Years , Round , Description , Home Team, Away Team, Away Score, Away Score,  (no statistics in this season)  here must be value
League , Years , Round , Description , Home Team, Away Team, Away Score, Away Score,  (no statistics in this season)  here must be value
League , Years , Round , Description , Home Team, Away Team, Away Score, Away Score,  (no statistics in this season)  here must be value
League , Years , Round , Description , Home Team, Away Team, Away Score, Away Score,  (no statistics in this season)  here must be value
League , Years , Round , Description , Home Team, Away Team, Away Score, Away Score,  (no statistics in this season)  here must be value
League , Years , Round , Description , Home Team, Away Team, Away Score, Away Score,  (no statistics in this season)  here must be value
League , Years , Round , Description , Home Team, Away Team, Away Score, Away Score,  (no statistics in this season)  here must be value
League , Years , Round , Description , Home Team, Away Team, Away Score, Away Score,  (no statistics in this season)  here must be value
League , Years , Round , Description , Home Team, Away Team, Away Score, Away Score,  (no statistics in this season)  here must be value
League , Years , Round , Description , Home Team, Away Team, Away Score, Away Score,  (no statistics in this season)  here must be value
League , Years , Round , Description , Home Team, Away Team, Away Score, Away Score,  (no statistics in this season)  here must be value
League , Years , Round , Description , Home Team, Away Team, Away Score, Away Score,  (no statistics in this season)  here must be value
League , Years , Round , Description , Home Team, Away Team, Away Score, Away Score,  (no statistics in this season)  here must be value
League , Years , Round , Description , Home Team, Away Team, Away Score, Away Score,  (no statistics in this season)  here must be value
League , Years , Round , Description , Home Team, Away Team, Away Score, Away Score,  (no statistics in this season)  here must be value
League , Years , Round , Description , Home Team, Away Team, Away Score, Away Score,  (no statistics in this season)  here must be value
League , Years , Round , Description , Home Team, Away Team, Away Score, Away Score,  (no statistics in this season)  here must be value
League , Years , Round , Description , Home Team, Away Team, Away Score, Away Score,  (no statistics in this season)  here must be value
League , Years , Round , Description , Home Team, Away Team, Away Score, Away Score,  (no statistics in this season)  here must be value
League , Years , Round , Description , Home Team, Away Team, Away Score, Away Score,  (no statistics in this season)  here must be value
League , Years , Round , Description , Home Team, Away Team, Away Score, Away Score,  (no statistics in this season)  here must be value
League , Years , Round , Description , Home Team, Away Team, Away Score, Away Score,  (no statistics in this season)  here must be value
League , Years , Round , Description , Home Team, Away Team, Away Score, Away Score,  (no statistics in this season)  here must be value
League , Years , Round , Description , Home Team, Away Team, Away Score, Away Score,  (no statistics in this season)  here must be value
League , Years , Round , Description , Home Team, Away Team, Away Score, Away Score,  (no statistics in this season)  here must be value
League , Years , Round , Description , Home Team, Away Team, Away Score, Away Score,  (no statistics in this season)  here must be value
League , Years , Round , Description , Home Team, Away Team, Away Score, Away Score,  (no statistics in this season)  here must be value
League , Years , Round , Description , Home Team, Away Team, Away Score, Away Score,  (no statistics in this season)  here must be value
League , Years , Round , Description , Home Team, Away Team, Away Score, Away Score,  (no statistics in this season)  here must be value
League , Years , Round , Description , Home Team, Away Team, Away Score, Away Score,  (no statistics in this season)  here must be value
League , Years , Round , Description , Home Team, Away Team, Away Score, Away Score,  (no statistics in this season)  here must be value
League , Years , Round , Description , Home Team, Away Team, Away Score, Away Score,  (no statistics in this season)  here must be value
League , Years , Round , Description , Home Team, Away Team, Away Score, Away Score,  (no statistics in this season)  here must be value
League , Years , Round , Description , Home Team, Away Team, Away Score, Away Score,  (no statistics in this season)  here must be value
League , Years , Round , Description , Home Team, Away Team, Away Score, Away Score,  (no statistics in this season)  here must be value
League , Years , Round , Description , Home Team, Away Team, Away Score, Away Score,  (no statistics in this season)  here must be value
League , Years , Round , Description , Home Team, Away Team, Away Score, Away Score,  (no statistics in this season)  here must be value
League , Years , Round , Description , Home Team, Away Team, Away Score, Away Score,  (no statistics in this season)  here must be value
League , Years , Round , Description , Home Team, Away Team, Away Score, Away Score,  (no statistics in this season)  here must be value
League , Years , Round , Description , Home Team, Away Team, Away Score, Away Score,  (no statistics in this season)  here must be value
League , Years , Round , Description , Home Team, Away Team, Away Score, Away Score,  (no statistics in this season)  here must be value
League , Years , Round , Description , Home Team, Away Team, Away Score, Away Score,  (no statistics in this season)  here must be value
League , Years , Round , Description , Home Team, Away Team, Away Score, Away Score,  (no statistics in this season)  here must be value
League , Years , Round , Description , Home Team, Away Team, Away Score, Away Score,  (no statistics in this season)  here must be value
League , Years , Round , Description , Home Team, Away Team, Away Score, Away Score,  (no statistics in this season)  here must be value
League , Years , Round , Description , Home Team, Away Team, Away Score, Away Score,  (no statistics in this season)  here must be value
League , Years , Round , Description , Home Team, Away Team, Away Score, Away Score,  (no statistics in this season)  here must be value
League , Years , Round , Description , Home Team, Away Team, Away Score, Away Score,  (no statistics in this season)  here must be value
League , Years , Round , Description , Home Team, Away Team, Away Score, Away Score,  (no statistics in this season)  here must be value
League , Years , Round , Description , Home Team, Away Team, Away Score, Away Score,  (no statistics in this season)  here must be value
League , Years , Round , Description , Home Team, Away Team, Away Score, Away Score,  (no statistics in this season)  here must be value
League , Years , Round , Description , Home Team, Away Team, Away Score, Away Score,  (no statistics in this season)  here must be value
League , Years , Round , Description , Home Team, Away Team, Away Score, Away Score,  (no statistics in this season)  here must be value
League , Years , Round , Description , Home Team, Away Team, Away Score, Away Score,  (no statistics in this season)  here must be value
League , Years , Round , Description , Home Team, Away Team, Away Score, Away Score,  (no statistics in this season)  here must be value
League , Years , Round , Description , Home Team, Away Team, Away Score, Away Score,  (no statistics in this season)  here must be value
League , Years , Round , Description , Home Team, Away Team, Away Score, Away Score,  (no statistics in this season)  here must be value
League , Years , Round , Description , Home Team, Away Team, Away Score, Away Score,  (no statistics in this season)  here must be value
League , Years , Round , Description , Home Team, Away Team, Away Score, Away Score,  (no statistics in this season)  here must be value
League , Years , Round , Description , Home Team, Away Team, Away Score, Away Score,  (no statistics in this season)  here must be value
League , Years , Round , Description , Home Team, Away Team, Away Score, Away Score,  (no statistics in this season)  here must be value
League , Years , Round , Description , Home Team, Away Team, Away Score, Away Score,  (no statistics in this season)  here must be value
League , Years , Round , Description , Home Team, Away Team, Away Score, Away Score,  (no statistics in this season)  here must be value
League , Years , Round , Description , Home Team, Away Team, Away Score, Away Score,  (no statistics in this season)  here must be value
League , Years , Round , Description , Home Team, Away Team, Away Score, Away Score,  (no statistics in this season)  here must be value
League , Years , Round , Description , Home Team, Away Team, Away Score, Away Score,  (no statistics in this season)  here must be value
League , Years , Round , Description , Home Team, Away Team, Away Score, Away Score,  (no statistics in this season)  here must be value
League , Years , Round , Description , Home Team, Away Team, Away Score, Away Score,  (no statistics in this season)  here must be value
League , Years , Round , Description , Home Team, Away Team, Away Score, Away Score,  (no statistics in this season)  here must be value
League , Years , Round , Description , Home Team, Away Team, Away Score, Away Score,  (no statistics in this season)  here must be value
League , Years , Round , Description , Home Team, Away Team, Away Score, Away Score,  (no statistics in this season)  here must be value
League , Years , Round , Description , Home Team, Away Team, Away Score, Away Score,  (no statistics in this season)  here must be value
League , Years , Round , Description , Home Team, Away Team, Away Score, Away Score,  (no statistics in this season)  here must be value
League , Years , Round , Description , Home Team, Away Team, Away Score, Away Score,  (no statistics in this season)  here must be value
League , Years , Round , Description , Home Team, Away Team, Away Score, Away Score,  (no statistics in this season)  here must be value
League , Years , Round , Description , Home Team, Away Team, Away Score, Away Score,  (no statistics in this season)  here must be value
League , Years , Round , Description , Home Team, Away Team, Away Score, Away Score,  (no statistics in this season)  here must be value
League , Years , Round , Description , Home Team, Away Team, Away Score, Away Score,  (no statistics in this season)  here must be value
League , Years , Round , Description , Home Team, Away Team, Away Score, Away Score,  (no statistics in this season)  here must be value
League , Years , Round , Description , Home Team, Away Team, Away Score, Away Score,  (no statistics in this season)  here must be value
League , Years , Round , Description , Home Team, Away Team, Away Score, Away Score,  (no statistics in this season)  here must be value
League , Years , Round , Description , Home Team, Away Team, Away Score, Away Score,  (no statistics in this season)  here must be value
League , Years , Round , Description , Home Team, Away Team, Away Score, Away Score,  (no statistics in this season)  here must be value
League , Years , Round , Description , Home Team, Away Team, Away Score, Away Score,  (no statistics in this season)  here must be value
League , Years , Round , Description , Home Team, Away Team, Away Score, Away Score,  (no statistics in this season)  here must be value
League , Years , Round , Description , Home Team, Away Team, Away Score, Away Score,  (no statistics in this season)  here must be value
League , Years , Round , Description , Home Team, Away Team, Away Score, Away Score,  (no statistics in this season)  here must be value
League , Years , Round , Description , Home Team, Away Team, Away Score, Away Score,  (no statistics in this season)  here must be value
League , Years , Round , Description , Home Team, Away Team, Away Score, Away Score,  (no statistics in this season)  here must be value
League , Years , Round , Description , Home Team, Away Team, Away Score, Away Score,  (no statistics in this season)  here must be value
League , Years , Round , Description , Home Team, Away Team, Away Score, Away Score,  (no statistics in this season)  here must be value
League , Years , Round , Description , Home Team, Away Team, Away Score, Away Score,  (no statistics in this season)  here must be value
League , Years , Round , Description , Home Team, Away Team, Away Score, Away Score,  (no statistics in this season)  here must be value
League , Years , Round , Description , Home Team, Away Team, Away Score, Away Score,  (no statistics in this season)  here must be value
League , Years , Round , Description , Home Team, Away Team, Away Score, Away Score,  (no statistics in this season)  here must be value
League , Years , Round , Description , Home Team, Away Team, Away Score, Away Score,  (no statistics in this season)  here must be value
League , Years , Round , Description , Home Team, Away Team, Away Score, Away Score,  (no statistics in this season)  here must be value
League , Years , Round , Description , Home Team, Away Team, Away Score, Away Score,  (no statistics in this season)  here must be value
League , Years , Round , Description , Home Team, Away Team, Away Score, Away Score,  (no statistics in this season)  here must be value
League , Years , Round , Description , Home Team, Away Team, Away Score, Away Score,  (no statistics in this season)  here must be value
League , Years , Round , Description , Home Team, Away Team, Away Score, Away Score,  (no statistics in this season)  here must be value
League , Years , Round , Description , Home Team, Away Team, Away Score, Away Score,  (no statistics in this season)  here must be value
League , Years , Round , Description , Home Team, Away Team, Away Score, Away Score,  (no statistics in this season)  here must be value
League , Years , Round , Description , Home Team, Away Team, Away Score, Away Score,  (no statistics in this season)  here must be value
League , Years , Round , Description , Home Team, Away Team, Away Score, Away Score,  (no statistics in this season)  here must be value
League , Years , Round , Description , Home Team, Away Team, Away Score, Away Score,  (no statistics in this season)  here must be value
League , Years , Round , Description , Home Team, Away Team, Away Score, Away Score,  (no statistics in this season)  here must be value
League , Years , Round , Description , Home Team, Away Team, Away Score, Away Score,  (no statistics in this season)  here must be value
League , Years , Round , Description , Home Team, Away Team, Away Score, Away Score,  (no statistics in this season)  here must be value
League , Years , Round , Description , Home Team, Away Team, Away Score, Away Score,  (no statistics in this season)  here must be value
League , Years , Round , Description , Home Team, Away Team, Away Score, Away Score,  (no statistics in this season)  here must be value
League , Years , Round , Description , Home Team, Away Team, Away Score, Away Score,  (no statistics in this season)  here must be value
League , Years , Round , Description , Home Team, Away Team, Away Score, Away Score,  (no statistics in this season)  here must be value
League , Years , Round , Description , Home Team, Away Team, Away Score, Away Score,  (no statistics in this season)  here must be value
League , Years , Round , Description , Home Team, Away Team, Away Score, Away Score,  (no statistics in this season)  here must be value
League , Years , Round , Description , Home Team, Away Team, Away Score, Away Score,  (no statistics in this season)  here must be value
League , Years , Round , Description , Home Team, Away Team, Away Score, Away Score,  (no statistics in this season)  here must be value
League , Years , Round , Description , Home Team, Away Team, Away Score, Away Score,  (no statistics in this season)  here must be value
League , Years , Round , Description , Home Team, Away Team, Away Score, Away Score,  (no statistics in this season)  here must be value
League , Years , Round , Description , Home Team, Away Team, Away Score, Away Score,  (no statistics in this season)  here must be value
League , Years , Round , Description , Home Team, Away Team, Away Score, Away Score,  (no statistics in this season)  here must be value
League , Years , Round , Description , Home Team, Away Team, Away Score, Away Score,  (no statistics in this season)  here must be value
League , Years , Round , Description , Home Team, Away Team, Away Score, Away Score,  (no statistics in this season)  here must be value
League , Years , Round , Description , Home Team, Away Team, Away Score, Away Score,  (no statistics in this season)  here must be value
League , Years , Round , Description , Home Team, Away Team, Away Score, Away Score,  (no statistics in this season)  here must be value
League , Years , Round , Description , Home Team, Away Team, Away Score, Away Score,  (no statistics in this season)  here must be value
League , Years , Round , Description , Home Team, Away Team, Away Score, Away Score,  (no statistics in this season)  here must be value
League , Years , Round , Description , Home Team, Away Team, Away Score, Away Score,  (no statistics in this season)  here must be value
League , Years , Round , Description , Home Team, Away Team, Away Score, Away Score,  (no statistics in this season)  here must be value
League , Years , Round , Description , Home Team, Away Team, Away Score, Away Score,  (no statistics in this season)  here must be value
League , Years , Round , Description , Home Team, Away Team, Away Score, Away Score,  (no statistics in this season)  here must be value
League , Years , Round , Description , Home Team, Away Team, Away Score, Away Score,  (no statistics in this season)  here must be value
League , Years , Round , Description , Home Team, Away Team, Away Score, Away Score,  (no statistics in this season)  here must be value
League , Years , Round , Description , Home Team, Away Team, Away Score, Away Score,  (no statistics in this season)  here must be value
League , Years , Round , Description , Home Team, Away Team, Away Score, Away Score,  (no statistics in this season)  here must be value
League , Years , Round , Description , Home Team, Away Team, Away Score, Away Score,  (no statistics in this season)  here must be value
League , Years , Round , Description , Home Team, Away Team, Away Score, Away Score,  (no statistics in this season)  here must be value
League , Years , Round , Description , Home Team, Away Team, Away Score, Away Score,  (no statistics in this season)  here must be value
League , Years , Round , Description , Home Team, Away Team, Away Score, Away Score,  (no statistics in this season)  here must be value
League , Years , Round , Description , Home Team, Away Team, Away Score, Away Score,  (no statistics in this season)  here must be value
League , Years , Round , Description , Home Team, Away Team, Away Score, Away Score,  (no statistics in this season)  here must be value
League , Years , Round , Description , Home Team, Away Team, Away Score, Away Score,  (no statistics in this season)  here must be value
League , Years , Round , Description , Home Team, Away Team, Away Score, Away Score,  (no statistics in this season)  here must be value
League , Years , Round , Description , Home Team, Away Team, Away Score, Away Score,  (no statistics in this season)  here must be value
League , Years , Round , Description , Home Team, Away Team, Away Score, Away Score,  (no statistics in this season)  here must be value
League , Years , Round , Description , Home Team, Away Team, Away Score, Away Score,  (no statistics in this season)  here must be value
League , Years , Round , Description , Home Team, Away Team, Away Score, Away Score,  (no statistics in this season)  here must be value
League , Years , Round , Description , Home Team, Away Team, Away Score, Away Score,  (no statistics in this season)  here must be value
League , Years , Round , Description , Home Team, Away Team, Away Score, Away Score,  (no statistics in this season)  here must be value
League , Years , Round , Description , Home Team, Away Team, Away Score, Away Score,  (no statistics in this season)  here must be value
League , Years , Round , Description , Home Team, Away Team, Away Score, Away Score,  (no statistics in this season)  here must be value
League , Years , Round , Description , Home Team, Away Team, Away Score, Away Score,  (no statistics in this season)  here must be value
League , Years , Round , Description , Home Team, Away Team, Away Score, Away Score,  (no statistics in this season)  here must be value
League , Years , Round , Description , Home Team, Away Team, Away Score, Away Score,  (no statistics in this season)  here must be value
League , Years , Round , Description , Home Team, Away Team, Away Score, Away Score,  (no statistics in this season)  here must be value
League , Years , Round , Description , Home Team, Away Team, Away Score, Away Score,  (no statistics in this season)  here must be value
League , Years , Round , Description , Home Team, Away Team, Away Score, Away Score,  (no statistics in this season)  here must be value
League , Years , Round , Description , Home Team, Away Team, Away Score, Away Score,  (no statistics in this season)  here must be value
League , Years , Round , Description , Home Team, Away Team, Away Score, Away Score,  (no statistics in this season)  here must be value
League , Years , Round , Description , Home Team, Away Team, Away Score, Away Score,  (no statistics in this season)  here must be value
League , Years , Round , Description , Home Team, Away Team, Away Score, Away Score,  (no statistics in this season)  here must be value
League , Years , Round , Description , Home Team, Away Team, Away Score, Away Score,  (no statistics in this season)  here must be value
League , Years , Round , Description , Home Team, Away Team, Away Score, Away Score,  (no statistics in this season)  here must be value
League , Years , Round , Description , Home Team, Away Team, Away Score, Away Score,  (no statistics in this season)  here must be value
League , Years , Round , Description , Home Team, Away Team, Away Score, Away Score,  (no statistics in this season)  here must be value
League , Years , Round , Description , Home Team, Away Team, Away Score, Away Score,  (no statistics in this season)  here must be value
League , Years , Round , Description , Home Team, Away Team, Away Score, Away Score,  (no statistics in this season)  here must be value
League , Years , Round , Description , Home Team, Away Team, Away Score, Away Score,  (no statistics in this season)  here must be value
League , Years , Round , Description , Home Team, Away Team, Away Score, Away Score,  (no statistics in this season)  here must be value
League , Years , Round , Description , Home Team, Away Team, Away Score, Away Score,  (no statistics in this season)  here must be value
League , Years , Round , Description , Home Team, Away Team, Away Score, Away Score,  (no statistics in this season)  here must be value
League , Years , Round , Description , Home Team, Away Team, Away Score, Away Score,  (no statistics in this season)  here must be value
League , Years , Round , Description , Home Team, Away Team, Away Score, Away Score,  (no statistics in this season)  here must be value
League , Years , Round , Description , Home Team, Away Team, Away Score, Away Score,  (no statistics in this season)  here must be value
League , Years , Round , Description , Home Team, Away Team, Away Score, Away Score,  (no statistics in this season)  here must be value
League , Years , Round , Description , Home Team, Away Team, Away Score, Away Score,  (no statistics in this season)  here must be value
League , Years , Round , Description , Home Team, Away Team, Away Score, Away Score,  (no statistics in this season)  here must be value
League , Years , Round , Description , Home Team, Away Team, Away Score, Away Score,  (no statistics in this season)  here must be value
League , Years , Round , Description , Home Team, Away Team, Away Score, Away Score,  (no statistics in this season)  here must be value
League , Years , Round , Description , Home Team, Away Team, Away Score, Away Score,  (no statistics in this season)  here must be value
League , Years , Round , Description , Home Team, Away Team, Away Score, Away Score,  (no statistics in this season)  here must be value
League , Years , Round , Description , Home Team, Away Team, Away Score, Away Score,  (no statistics in this season)  here must be value
League , Years , Round , Description , Home Team, Away Team, Away Score, Away Score,  (no statistics in this season)  here must be value
League , Years , Round , Description , Home Team, Away Team, Away Score, Away Score,  (no statistics in this season)  here must be value
League , Years , Round , Description , Home Team, Away Team, Away Score, Away Score,  (no statistics in this season)  here must be value
League , Years , Round , Description , Home Team, Away Team, Away Score, Away Score,  (no statistics in this season)  here must be value
League , Years , Round , Description , Home Team, Away Team, Away Score, Away Score,  (no statistics in this season)  here must be value
League , Years , Round , Description , Home Team, Away Team, Away Score, Away Score,  (no statistics in this season)  here must be value
League , Years , Round , Description , Home Team, Away Team, Away Score, Away Score,  (no statistics in this season)  here must be value
League , Years , Round , Description , Home Team, Away Team, Away Score, Away Score,  (no statistics in this season)  here must be value
