HomeScore,AwayScore,PlayerName,PlayerFirstName,PlayerLastName,PlayerShortName,PlayerSlug,PlayerPosition,AssistName,AssistFirstName,AssistLastName,AssistShortName,AssistSlug,AssistPosition,Time,AddedTime,IsHome,IncidentClass,IncidentType
4,1,null,null,T. Pukki,teemu-pukki,F,null,null,E. Buendía,emiliano-buendia,M,64,null,false,regular,goal
4,0,null,null,D. Origi,divock-origi,F,,,T. Alexander-Arnold,trent-alexander-arnold,D,42,null,true,regular,goal
3,0,null,null,V. v. Dijk,virgil-van-dijk,D,,,M. Salah,mohamed-salah,F,28,null,true,regular,goal
2,0,,,M. Salah,mohamed-salah,F,null,null,R. Firmino,roberto-firmino,F,19,null,true,regular,goal
1,0,null,null,G. Hanley,grant-hanley,D,null,null,null,null,null,7,null,true,ownGoal,goal
0,5,null,null,R. Sterling,raheem-sterling,F,null,null,R. Mahrez,riyad-mahrez,F,90,1,false,regular,goal
0,4,,,S. Agüero,sergio-aguero,F,null,null,null,null,null,86,null,false,penalty,goal
0,3,null,null,R. Sterling,raheem-sterling,F,null,null,R. Mahrez,riyad-mahrez,F,75,null,false,regular,goal
0,2,null,null,R. Sterling,raheem-sterling,F,,,K. D. Bruyne,kevin-de-bruyne,M,51,null,false,regular,goal
0,1,null,null,Gabriel,gabriel-jesus,F,,,K. Walker,kyle-walker,D,25,null,false,regular,goal
1,1,null,null,B. Sharp,billy-sharp,F,null,null,null,null,null,88,null,false,regular,goal
1,0,null,null,C. Mepham,chris-mepham,D,null,null,null,null,null,62,null,true,regular,goal
3,0,null,null,J. Guðmundsson,johann-gudmundsson,M,null,null,null,null,null,75,null,true,regular,goal
2,0,,,A. Barnes,ashley-barnes,F,null,null,E. Pieters,erik-pieters,D,70,null,true,regular,goal
1,0,,,A. Barnes,ashley-barnes,F,null,null,E. Pieters,erik-pieters,D,63,null,true,regular,goal
0,3,null,null,N. Maupay,neal-maupay,F,null,null,L. Dunk,lewis-dunk,D,77,null,false,regular,goal
0,2,,,F. Andone,florin-andone,F,null,null,D. Pröpper,davy-propper,M,65,null,false,regular,goal
0,1,null,null,A. Doucouré,abdoulaye-doucoure,M,null,null,null,null,null,28,null,false,ownGoal,goal
3,1,null,null,H. Kane,harry-kane,F,null,null,M. Sissoko,moussa-sissoko,M,90,null,true,regular,goal
2,1,null,null,H. Kane,harry-kane,F,null,null,null,null,null,86,null,true,regular,goal
1,1,null,null,T. Ndombélé,tanguy-ndombele,M,null,null,L. Moura,lucas-moura,F,73,null,true,regular,goal
0,1,null,null,J. McGinn,john-mcginn,M,null,null,T. Mings,tyrone-mings,D,9,null,false,regular,goal
0,1,null,null,P. Aubameyang,pierre-emerick-aubameyang,F,,,A. Maitland-Niles,ainsley-maitland-niles,M,58,null,false,regular,goal
4,0,,,D. James,james-daniel,M,,,P. Pogba,paul-pogba,M,81,null,true,regular,goal
3,0,,,M. Rashford,marcus-rashford,M,,,P. Pogba,paul-pogba,M,67,null,true,regular,goal
2,0,,,A. Martial,anthony-martial,F,null,null,A. Pereira,andreas-pereira,M,65,null,true,regular,goal
1,0,,,M. Rashford,marcus-rashford,M,null,null,null,null,null,18,null,true,penalty,goal
2,1,null,null,P. Aubameyang,pierre-emerick-aubameyang,F,,,D. Ceballos,dani-ceballos,M,64,null,true,regular,goal
1,1,,,A. Barnes,ashley-barnes,F,null,null,null,null,null,43,null,false,regular,goal
1,0,,,A. Lacazette,alexandre-lacazette,F,,,D. Ceballos,dani-ceballos,M,13,null,true,regular,goal
1,2,null,null,D. Luiz,douglas-luiz,M,null,null,J. Grealish,jack-grealish,F,71,null,true,regular,goal
0,2,,,H. Wilson,harry-wilson,M,null,null,null,null,null,12,null,false,regular,goal
0,1,null,null,J. King,joshua-king,F,null,null,null,null,null,2,null,false,penalty,goal
1,1,null,null,L. Trossard,leandro-trossard,F,null,null,null,null,null,65,null,true,regular,goal
0,1,null,null,J. Hernández,javier-hernandez,F,null,null,M. Lanzini,manuel-lanzini,M,61,null,false,regular,goal
1,0,,,Bernard,bernard,F,null,null,L. Digne,lucas-digne,D,10,null,true,regular,goal
3,1,null,null,J. Shelvey,jonjo-shelvey,M,null,null,S. Longstaff,sean-longstaff,M,90,3,false,regular,goal
3,0,null,null,T. Pukki,teemu-pukki,F,,,T. Cantwell,todd-cantwell,M,75,null,true,regular,goal
2,0,null,null,T. Pukki,teemu-pukki,F,,,T. Cantwell,todd-cantwell,M,63,null,true,regular,goal
1,0,null,null,T. Pukki,teemu-pukki,F,null,null,null,null,null,32,null,true,regular,goal
1,2,null,null,D. Ings,danny-ings,F,null,null,null,null,null,83,null,true,regular,goal
0,2,null,null,R. Firmino,roberto-firmino,F,null,null,S. Mané,sadio-mane,F,71,null,false,regular,goal
0,1,null,null,S. Mané,sadio-mane,F,null,null,J. Milner,james-milner,M,45,1,false,regular,goal
2,2,null,null,L. Moura,lucas-moura,F,null,null,É. Lamela,erik-lamela,M,56,null,false,regular,goal
2,1,,,S. Agüero,sergio-aguero,F,,,K. D. Bruyne,kevin-de-bruyne,M,35,null,true,regular,goal
1,1,null,null,É. Lamela,erik-lamela,M,null,null,T. Ndombélé,tanguy-ndombele,M,23,null,false,regular,goal
1,0,null,null,R. Sterling,raheem-sterling,F,,,K. D. Bruyne,kevin-de-bruyne,M,20,null,true,regular,goal
1,0,null,null,J. Lundstram,john-lundstram,M,null,null,null,null,null,47,null,true,regular,goal
1,1,null,null,W. Ndidi,wilfred-ndidi,M,null,null,J. Maddison,james-maddison,M,67,null,false,regular,goal
1,0,null,null,M. Mount,mason-mount,M,null,null,null,null,null,7,null,true,regular,goal
1,1,null,null,R. Neves,ruben-neves,M,null,null,J. Moutinho,joao-moutinho,M,55,null,true,regular,goal
0,1,,,A. Martial,anthony-martial,F,,,M. Rashford,marcus-rashford,M,27,null,false,regular,goal
2,0,null,null,A. E. Ghazi,anwar-el-ghazi,F,null,null,J. McGinn,john-mcginn,M,90,5,true,regular,goal
1,0,null,null,Wesley,wesley,F,null,null,J. Peleteiro,jota-peleteiro,M,21,null,true,regular,goal
2,3,null,null,T. Abraham,tammy-abraham,F,null,null,M. Kovačić,mateo-kovacic,M,68,null,false,regular,goal
2,2,null,null,T. Pukki,teemu-pukki,F,null,null,E. Buendía,emiliano-buendia,M,30,null,true,regular,goal
1,2,null,null,M. Mount,mason-mount,M,null,null,C. Pulišić,christian-pulisic,F,17,null,false,regular,goal
1,1,,,T. Cantwell,todd-cantwell,M,null,null,T. Pukki,teemu-pukki,F,6,null,true,regular,goal
0,1,null,null,T. Abraham,tammy-abraham,F,null,null,C. Azpilicueta,cesar-azpilicueta,D,3,null,false,regular,goal
0,2,,,N. Redmond,nathan-redmond,M,null,null,S. Boufal,sofiane-boufal,M,90,1,false,regular,goal
0,1,null,null,M. Djenepo,moussa-djenepo,M,null,null,D. Ings,danny-ings,F,55,null,false,regular,goal
1,2,null,null,P. v. Aanholt,patrick-van-aanholt,D,null,null,null,null,null,90,3,false,regular,goal
1,1,,,D. James,james-daniel,M,,,A. Martial,anthony-martial,F,89,null,true,regular,goal
0,1,null,null,J. Ayew,jordan-ayew,F,null,null,J. Schlupp,jeffrey-schlupp,M,32,null,false,regular,goal
1,2,,,H. Barnes,harvey-barnes,M,null,null,Ç. Söyüncü,caglar-soyuncu,D,70,null,false,regular,goal
1,1,null,null,O. McBurnie,oliver-mcburnie,F,,,G. Baldock,george-baldock,M,62,null,true,regular,goal
0,1,,,J. Vardy,jamie-vardy,F,null,null,J. Maddison,james-maddison,M,38,null,false,regular,goal
1,3,null,null,S. Haller,sebastien-haller,F,null,null,null,null,null,73,null,false,regular,goal
1,2,null,null,S. Haller,sebastien-haller,F,null,null,F. Anderson,felipe-anderson,M,64,null,false,regular,goal
1,1,null,null,A. Gray,andre-gray,F,null,null,W. Hughes,will-hughes,M,17,null,true,regular,goal
0,1,null,null,M. Noble,mark-noble,M,null,null,null,null,null,3,null,false,penalty,goal
3,1,,,L. Torreira,lucas-torreira,M,null,null,null,null,null,85,null,false,regular,goal
3,0,,,M. Salah,mohamed-salah,F,,,Fabinho,fabinho,M,58,null,true,regular,goal
2,0,,,M. Salah,mohamed-salah,F,null,null,null,null,null,49,null,true,penalty,goal
1,0,null,null,J. Matip,joel-matip,D,,,T. Alexander-Arnold,trent-alexander-arnold,D,41,null,true,regular,goal
1,3,,,S. Agüero,sergio-aguero,F,,,D. Silva,david-silva,M,64,null,false,regular,goal
1,2,,,H. Wilson,harry-wilson,M,null,null,null,null,null,45,3,true,regular,goal
0,2,null,null,R. Sterling,raheem-sterling,F,,,D. Silva,david-silva,M,43,null,false,regular,goal
0,1,,,S. Agüero,sergio-aguero,F,,,K. D. Bruyne,kevin-de-bruyne,M,15,null,false,regular,goal
0,1,null,null,Joelinton,joelinton,F,null,null,C. Atsu,christian-atsu,M,27,null,false,regular,goal
1,1,null,null,R. Jiménez,raul-jimenez,F,null,null,null,null,null,90,7,true,penalty,goal
0,1,,,A. Barnes,ashley-barnes,F,,,D. McNeil,dwight-mcneil,M,13,null,false,regular,goal
1,1,null,null,J. Vestergaard,jannik-vestergaard,D,null,null,K. Danso,danso-kevin,D,58,null,true,regular,goal
0,1,,,D. James,james-daniel,M,,,S. McTominay,scott-mctominay,M,10,null,false,regular,goal
2,2,null,null,K. Zouma,kurt-zouma,D,null,null,null,null,null,89,null,false,ownGoal,goal
2,1,null,null,C. Robinson,callum-robinson,F,,,E. Stevens,enda-stevens,M,46,null,false,regular,goal
2,0,null,null,T. Abraham,tammy-abraham,F,null,null,null,null,null,43,null,true,regular,goal
1,0,null,null,T. Abraham,tammy-abraham,F,null,null,null,null,null,19,null,true,regular,goal
1,0,null,null,J. Ayew,jordan-ayew,F,null,null,null,null,null,73,null,true,regular,goal
3,1,,,J. Vardy,jamie-vardy,F,,,Y. Tielemans,youri-tielemans,M,73,null,true,regular,goal
2,1,,,Y. Tielemans,youri-tielemans,M,,,J. Vardy,jamie-vardy,F,41,null,true,regular,goal
1,1,null,null,C. Wilson,callum-wilson,F,null,null,R. Fraser,ryan-fraser,M,15,null,false,regular,goal
1,0,,,J. Vardy,jamie-vardy,F,null,null,B. Chilwell,ben-chilwell,D,12,null,true,regular,goal
4,0,,,B. Silva,bernardo-silva,M,,,S. Agüero,sergio-aguero,F,79,null,true,regular,goal
3,0,,,S. Agüero,sergio-aguero,F,,,D. Silva,david-silva,M,55,null,true,regular,goal
2,0,,,S. Agüero,sergio-aguero,F,,,K. D. Bruyne,kevin-de-bruyne,M,42,null,true,regular,goal
1,0,,,K. D. Bruyne,kevin-de-bruyne,M,,,D. Silva,david-silva,M,2,null,true,regular,goal
1,1,null,null,F. Schär,fabian-schar,D,null,null,I. Hayden,isaac-hayden,M,41,null,true,regular,goal
0,1,null,null,W. Hughes,will-hughes,M,null,null,null,null,null,2,null,false,regular,goal
2,0,null,null,A. Yarmolenko,andriy-yarmolenko,M,null,null,null,null,null,56,null,true,regular,goal
1,0,null,null,S. Haller,sebastien-haller,F,null,null,A. Masuaku,arthur-masuaku,D,24,null,true,regular,goal
0,3,null,null,R. Firmino,roberto-firmino,F,,,M. Salah,mohamed-salah,F,80,null,false,regular,goal
0,2,null,null,S. Mané,sadio-mane,F,null,null,R. Firmino,roberto-firmino,F,37,null,false,regular,goal
0,1,null,null,C. Wood,chris-wood,F,null,null,null,null,null,33,null,false,ownGoal,goal
3,2,,,Richarlison,richarlison,F,null,null,L. Digne,lucas-digne,D,80,null,true,regular,goal
2,2,null,null,R. Jiménez,raul-jimenez,F,null,null,W. Boly,willy-boly,D,75,null,false,regular,goal
2,1,,,A. Iwobi,alex-iwobi,M,null,null,G. Sigurðsson,gylfi-sigurdsson,M,12,null,true,regular,goal
1,1,,,R. Saiss,romain-saiss,D,null,null,null,null,null,9,null,false,regular,goal
1,0,,,Richarlison,richarlison,F,,,M. Kean,moise-kean,F,5,null,true,regular,goal
2,2,null,null,P. Aubameyang,pierre-emerick-aubameyang,F,null,null,M. Guendouzi,matteo-guendouzi,M,71,null,true,regular,goal
1,2,,,A. Lacazette,alexandre-lacazette,F,null,null,N. Pépé,nicolas-pepe,F,45,1,true,regular,goal
0,2,null,null,H. Kane,harry-kane,F,null,null,null,null,null,40,null,false,penalty,goal
0,1,null,null,C. Eriksen,christian-eriksen,M,null,null,null,null,null,10,null,false,regular,goal
3,1,,,M. Salah,mohamed-salah,F,null,null,R. Firmino,roberto-firmino,F,72,null,true,regular,goal
2,1,null,null,S. Mané,sadio-mane,F,null,null,null,null,null,40,null,true,regular,goal
1,1,null,null,S. Mané,sadio-mane,F,,,A. Robertson,andrew-robertson,D,28,null,true,regular,goal
0,1,null,null,J. Willems,jetro-willems,D,null,null,C. Atsu,christian-atsu,M,7,null,false,regular,goal
1,1,null,null,J. Hendrick,jeff-hendrick,M,,,M. Vydra,matej-vydra,F,90,1,false,regular,goal
1,0,null,null,N. Maupay,neal-maupay,F,null,null,S. March,solly-march,M,51,null,true,regular,goal
1,0,,,M. Rashford,marcus-rashford,M,null,null,null,null,null,8,null,true,penalty,goal
0,1,null,null,M. Djenepo,moussa-djenepo,M,null,null,S. Boufal,sofiane-boufal,M,66,null,false,regular,goal
4,0,null,null,É. Lamela,erik-lamela,M,null,null,H. Kane,harry-kane,F,42,null,true,regular,goal
3,0,null,null,H. M. Son,heung-min-son,F,null,null,S. Aurier,serge-aurier,D,23,null,true,regular,goal
2,0,null,null,P. v. Aanholt,patrick-van-aanholt,D,null,null,null,null,null,21,null,true,ownGoal,goal
1,0,null,null,H. M. Son,heung-min-son,F,null,null,T. Alderweireld,toby-alderweireld,D,10,null,true,regular,goal
2,5,null,null,M. Mount,mason-mount,M,null,null,M. Batshuayi,michy-batshuayi,F,90,6,false,regular,goal
2,4,,,P. Cutrone,patrick-cutrone,F,null,null,null,null,null,85,null,true,regular,goal
1,4,null,null,T. Abraham,tammy-abraham,F,null,null,null,null,null,69,null,true,ownGoal,goal
0,4,null,null,T. Abraham,tammy-abraham,F,null,null,Jorginho,jorginho,M,55,null,false,regular,goal
0,3,null,null,T. Abraham,tammy-abraham,F,null,null,M. Alonso,marcos-alonso,D,41,null,false,regular,goal
0,2,null,null,T. Abraham,tammy-abraham,F,null,null,null,null,null,34,null,false,regular,goal
0,1,null,null,F. Tomori,fikayo-tomori,D,null,null,null,null,null,31,null,false,regular,goal
3,2,,,Rodri,rodri,M,null,null,Gabriel,gabriel-jesus,F,88,null,false,regular,goal
3,1,null,null,T. Pukki,teemu-pukki,F,null,null,E. Buendía,emiliano-buendia,M,50,null,true,regular,goal
2,1,,,S. Agüero,sergio-aguero,F,,,B. Silva,bernardo-silva,M,45,null,false,regular,goal
2,0,,,T. Cantwell,todd-cantwell,M,null,null,T. Pukki,teemu-pukki,F,28,null,true,regular,goal
1,0,null,null,K. McLean,kenny-mclean,M,null,null,E. Buendía,emiliano-buendia,M,18,null,true,regular,goal
3,1,null,null,C. Wilson,callum-wilson,F,null,null,D. Rico,diego-rico,D,72,null,true,regular,goal
2,1,null,null,R. Fraser,ryan-fraser,M,null,null,null,null,null,67,null,true,regular,goal
1,1,null,null,D. Calvert-Lewin,dominic-calvert-lewin,F,,,Richarlison,richarlison,F,44,null,false,regular,goal
1,0,null,null,C. Wilson,callum-wilson,F,null,null,J. King,joshua-king,F,23,null,true,regular,goal
2,2,null,null,R. Pereyra,roberto-pereyra,M,null,null,null,null,null,81,null,true,penalty,goal
1,2,null,null,T. Cleverley,tom-cleverley,M,null,null,G. Deulofeu,gerard-deulofeu,F,53,null,true,regular,goal
0,2,null,null,P. Aubameyang,pierre-emerick-aubameyang,F,,,A. Maitland-Niles,ainsley-maitland-niles,M,32,null,false,regular,goal
0,1,null,null,P. Aubameyang,pierre-emerick-aubameyang,F,,,S. Kolašinac,sead-kolasinac,D,21,null,false,regular,goal
1,3,null,null,C. Wilson,callum-wilson,F,null,null,A. Ramsdale,aaron-ramsdale,G,90,5,false,regular,goal
1,2,,,J. Ward-Prowse,james-ward-prowse,M,null,null,null,null,null,53,null,true,penalty,goal
0,2,,,H. Wilson,harry-wilson,M,null,null,P. Billing,philip-billing,M,35,null,false,regular,goal
0,1,null,null,N. Aké,nathan-ake,D,null,null,D. Rico,diego-rico,D,10,null,false,regular,goal
2,1,null,null,J. Maddison,james-maddison,M,,,H. Choudhury,hamza-choudhury,M,85,null,true,regular,goal
1,1,,,R. Pereira,ricardo-pereira,D,null,null,null,null,null,69,null,true,regular,goal
0,1,null,null,H. Kane,harry-kane,F,null,null,H. M. Son,heung-min-son,F,29,null,false,regular,goal
2,0,null,null,C. Wood,chris-wood,F,,,D. McNeil,dwight-mcneil,M,14,null,true,regular,goal
1,0,null,null,C. Wood,chris-wood,F,null,null,A. Westwood,ashley-westwood,M,10,null,true,regular,goal
0,2,,,L. Mousset,lys-mousset,F,null,null,J. Lundstram,john-lundstram,M,79,null,false,regular,goal
0,1,null,null,Y. Mina,yerry-mina,D,null,null,null,null,null,40,null,false,ownGoal,goal
8,0,,,K. D. Bruyne,kevin-de-bruyne,M,null,null,R. Mahrez,riyad-mahrez,F,85,null,true,regular,goal
7,0,,,B. Silva,bernardo-silva,M,,,K. D. Bruyne,kevin-de-bruyne,M,60,null,true,regular,goal
6,0,,,B. Silva,bernardo-silva,M,null,null,null,null,null,48,null,true,regular,goal
5,0,null,null,N. Otamendi,nicolas-otamendi,D,,,S. Agüero,sergio-aguero,F,18,null,true,regular,goal
4,0,,,B. Silva,bernardo-silva,M,null,null,null,null,null,15,null,true,regular,goal
3,0,null,null,R. Mahrez,riyad-mahrez,F,null,null,null,null,null,12,null,true,regular,goal
2,0,,,S. Agüero,sergio-aguero,F,null,null,null,null,null,7,null,true,penalty,goal
1,0,,,D. Silva,david-silva,M,,,K. D. Bruyne,kevin-de-bruyne,M,1,null,true,regular,goal
1,1,,,D. Jota,diogo-jota,F,null,null,A. Traoré,adama-traore,F,90,5,false,regular,goal
1,0,null,null,L. Dendoncker,leander-dendoncker,M,null,null,null,null,null,46,null,true,ownGoal,goal
2,0,null,null,A. Cresswell,aaron-cresswell,D,null,null,null,null,null,84,null,true,regular,goal
1,0,null,null,A. Yarmolenko,andriy-yarmolenko,M,null,null,F. Anderson,felipe-anderson,M,44,null,true,regular,goal
3,2,null,null,P. Aubameyang,pierre-emerick-aubameyang,F,null,null,null,null,null,84,null,true,regular,goal
2,2,null,null,C. Chambers,calum-chambers,D,null,null,null,null,null,81,null,true,regular,goal
1,2,null,null,Wesley,wesley,F,null,null,J. Grealish,jack-grealish,F,60,null,false,regular,goal
1,1,null,null,N. Pépé,nicolas-pepe,F,null,null,null,null,null,59,null,true,penalty,goal
0,1,null,null,J. McGinn,john-mcginn,M,null,null,A. E. Ghazi,anwar-el-ghazi,F,20,null,false,regular,goal
1,2,null,null,N. Kanté,ngolo-kante,M,null,null,C. Azpilicueta,cesar-azpilicueta,D,71,null,true,regular,goal
0,2,null,null,R. Firmino,roberto-firmino,F,,,A. Robertson,andrew-robertson,D,30,null,false,regular,goal
0,1,,,T. Alexander-Arnold,trent-alexander-arnold,D,,,M. Salah,mohamed-salah,F,14,null,false,regular,goal
0,1,null,null,G. Wijnaldum,georginio-wijnaldum,M,null,null,null,null,null,70,null,false,regular,goal
2,2,null,null,C. Wood,chris-wood,F,null,null,M. Lowton,matthew-lowton,D,81,null,false,regular,goal
2,1,null,null,J. McGinn,john-mcginn,M,null,null,Trezeguet,trezeguet,M,79,null,true,regular,goal
1,1,null,null,J. Rodriguez,jay-rodriguez,F,null,null,E. Pieters,erik-pieters,D,68,null,false,regular,goal
1,0,null,null,A. E. Ghazi,anwar-el-ghazi,F,,,F. Guilbert,frederic-guilbert,D,33,null,true,regular,goal
2,2,null,null,A. Cresswell,aaron-cresswell,D,null,null,F. Anderson,felipe-anderson,M,74,null,false,regular,goal
2,1,null,null,C. Wilson,callum-wilson,F,null,null,J. King,joshua-king,F,46,null,true,regular,goal
1,1,null,null,J. King,joshua-king,F,null,null,N. Aké,nathan-ake,D,17,null,true,regular,goal
0,1,null,null,A. Yarmolenko,andriy-yarmolenko,M,null,null,S. Haller,sebastien-haller,F,10,null,false,regular,goal
2,0,,,Willian,willian,F,null,null,C. Hudson-Odoi,callum-hudson-odoi,F,76,null,true,regular,goal
1,0,null,null,Jorginho,jorginho,M,null,null,null,null,null,50,null,true,penalty,goal
2,0,null,null,A. Townsend,andros-townsend,M,null,null,W. Zaha,wilfried-zaha,F,90,2,true,regular,goal
1,0,null,null,L. Milivojević,luka-milivojevic,M,null,null,null,null,null,21,null,true,penalty,goal
2,1,null,null,H. Kane,harry-kane,F,null,null,C. Eriksen,christian-eriksen,M,43,null,true,regular,goal
1,1,null,null,D. Ings,danny-ings,F,null,null,null,null,null,39,null,false,regular,goal
1,0,null,null,T. Ndombélé,tanguy-ndombele,M,null,null,H. M. Son,heung-min-son,F,24,null,true,regular,goal
2,0,null,null,D. Janmaat,daryl-janmaat,D,null,null,null,null,null,61,null,true,ownGoal,goal
1,0,,,M. Doherty,matt-doherty,M,null,null,P. Neto,pedro-neto,F,18,null,true,regular,goal
1,3,null,null,R. Sterling,raheem-sterling,F,null,null,null,null,null,84,null,false,regular,goal
1,2,null,null,R. Mahrez,riyad-mahrez,F,null,null,null,null,null,71,null,false,regular,goal
1,1,null,null,D. Calvert-Lewin,dominic-calvert-lewin,F,null,null,S. Coleman,seamus-coleman,D,33,null,true,regular,goal
0,1,null,null,Gabriel,gabriel-jesus,F,,,K. D. Bruyne,kevin-de-bruyne,M,24,null,false,regular,goal
5,0,null,null,W. Ndidi,wilfred-ndidi,M,null,null,J. Evans,jonny-evans,D,90,null,true,regular,goal
4,0,,,J. Vardy,jamie-vardy,F,,,M. Albrighton,marc-albrighton,M,64,null,true,regular,goal
3,0,,,P. Dummett,paul-dummett,D,null,null,null,null,null,57,null,true,ownGoal,goal
2,0,,,J. Vardy,jamie-vardy,F,,,H. Barnes,harvey-barnes,M,54,null,true,regular,goal
1,0,,,R. Pereira,ricardo-pereira,D,null,null,null,null,null,16,null,true,regular,goal
1,1,null,null,P. Aubameyang,pierre-emerick-aubameyang,F,,,B. Saka,bukayo-saka,M,58,null,false,regular,goal
1,0,,,S. McTominay,scott-mctominay,M,,,M. Rashford,marcus-rashford,M,45,null,true,regular,goal
3,0,null,null,A. Connolly,aaron-connolly,F,null,null,L. Dunk,lewis-dunk,D,65,null,true,regular,goal
2,0,null,null,A. Connolly,aaron-connolly,F,null,null,null,null,null,32,null,true,regular,goal
1,0,null,null,N. Maupay,neal-maupay,F,null,null,null,null,null,3,null,true,regular,goal
1,0,null,null,J. Hendrick,jeff-hendrick,M,null,null,A. Westwood,ashley-westwood,M,72,null,true,regular,goal
2,1,null,null,J. Milner,james-milner,M,null,null,null,null,null,90,5,true,penalty,goal
1,1,null,null,J. Maddison,james-maddison,M,null,null,A. Pérez,ayoze-perez,F,80,null,false,regular,goal
1,0,null,null,S. Mané,sadio-mane,F,null,null,J. Milner,james-milner,M,40,null,true,regular,goal
1,5,null,null,J. Drmić,josip-drmic,F,null,null,null,null,null,87,null,true,regular,goal
0,5,null,null,D. Luiz,douglas-luiz,M,null,null,Wesley,wesley,F,83,null,false,regular,goal
0,4,null,null,C. Hourihane,conor-hourihane,M,null,null,M. Targett,matt-targett,D,61,null,false,regular,goal
0,3,null,null,J. Grealish,jack-grealish,F,null,null,A. E. Ghazi,anwar-el-ghazi,F,49,null,false,regular,goal
0,2,null,null,Wesley,wesley,F,null,null,C. Hourihane,conor-hourihane,M,30,null,false,regular,goal
0,1,null,null,Wesley,wesley,F,null,null,A. E. Ghazi,anwar-el-ghazi,F,14,null,false,regular,goal
1,2,null,null,J. Ayew,jordan-ayew,F,,,M. Kelly,martin-kelly,D,87,null,false,regular,goal
1,1,null,null,P. v. Aanholt,patrick-van-aanholt,D,null,null,null,null,null,63,null,false,penalty,goal
1,0,null,null,S. Haller,sebastien-haller,F,null,null,R. Fredericks,ryan-fredericks,D,54,null,true,regular,goal
1,0,,,D. Luiz,david-luiz,D,null,null,N. Pépé,nicolas-pepe,F,9,null,true,regular,goal
0,2,null,null,A. Traoré,adama-traore,F,null,null,R. Jiménez,raul-jimenez,F,90,4,false,regular,goal
0,1,null,null,A. Traoré,adama-traore,F,null,null,R. Jiménez,raul-jimenez,F,80,null,false,regular,goal
1,4,null,null,M. Batshuayi,michy-batshuayi,F,null,null,C. Pulišić,christian-pulisic,F,89,null,false,regular,goal
1,3,null,null,N. Kanté,ngolo-kante,M,null,null,M. Alonso,marcos-alonso,D,40,null,false,regular,goal
1,2,null,null,D. Ings,danny-ings,F,null,null,null,null,null,30,null,true,regular,goal
0,2,null,null,M. Mount,mason-mount,M,,,Willian,willian,F,24,null,false,regular,goal
0,1,null,null,T. Abraham,tammy-abraham,F,null,null,C. Hudson-Odoi,callum-hudson-odoi,F,17,null,false,regular,goal
1,0,,,M. Longstaff,matthew-longstaff,M,null,null,J. Willems,jetro-willems,D,72,null,true,regular,goal
2,0,null,null,G. Sigurðsson,gylfi-sigurdsson,M,,,Richarlison,richarlison,F,90,2,true,regular,goal
1,0,,,Bernard,bernard,F,,,T. Walcott,theo-walcott,M,17,null,true,regular,goal
2,1,null,null,M. Targett,matt-targett,D,null,null,J. Grealish,jack-grealish,F,90,4,true,regular,goal
1,1,null,null,J. Grealish,jack-grealish,F,,,F. Guilbert,frederic-guilbert,D,45,2,true,regular,goal
0,1,null,null,A. Webster,adam-webster,D,null,null,P. Groß,pascal-gross,M,21,null,false,regular,goal
1,0,null,null,M. Alonso,marcos-alonso,D,null,null,C. Hudson-Odoi,callum-hudson-odoi,F,73,null,true,regular,goal
2,1,,,Y. Tielemans,youri-tielemans,M,,,H. Barnes,harvey-barnes,M,74,null,true,regular,goal
1,1,,,J. Vardy,jamie-vardy,F,,,H. Barnes,harvey-barnes,M,45,null,true,regular,goal
0,1,null,null,C. Wood,chris-wood,F,,,D. McNeil,dwight-mcneil,M,26,null,false,regular,goal
1,1,null,null,D. Alli,dele-alli,M,null,null,null,null,null,86,null,true,regular,goal
0,1,null,null,A. Doucouré,abdoulaye-doucoure,M,null,null,D. Janmaat,daryl-janmaat,D,6,null,false,regular,goal
1,1,null,null,R. Jiménez,raul-jimenez,F,null,null,null,null,null,61,null,true,penalty,goal
0,1,null,null,D. Ings,danny-ings,F,null,null,null,null,null,53,null,false,regular,goal
0,2,,,D. Silva,david-silva,M,null,null,R. Sterling,raheem-sterling,F,41,null,false,regular,goal
0,1,null,null,Gabriel,gabriel-jesus,F,,,B. Silva,bernardo-silva,M,39,null,false,regular,goal
1,1,,,A. Lallana,adam-lallana,M,,,A. Robertson,andrew-robertson,D,85,null,false,regular,goal
1,0,,,M. Rashford,marcus-rashford,M,,,D. James,james-daniel,M,36,null,true,regular,goal
1,0,,,L. Mousset,lys-mousset,F,null,null,J. O'Connell,jack-oconnell,D,30,null,true,regular,goal
0,9,,,J. Vardy,jamie-vardy,F,null,null,null,null,null,90,4,false,penalty,goal
0,8,null,null,J. Maddison,james-maddison,M,null,null,null,null,null,85,null,false,regular,goal
0,7,,,J. Vardy,jamie-vardy,F,null,null,B. Chilwell,ben-chilwell,D,58,null,false,regular,goal
0,6,null,null,A. Pérez,ayoze-perez,F,,,H. Barnes,harvey-barnes,M,57,null,false,regular,goal
0,5,,,J. Vardy,jamie-vardy,F,null,null,null,null,null,45,null,false,regular,goal
0,4,null,null,A. Pérez,ayoze-perez,F,null,null,B. Chilwell,ben-chilwell,D,39,null,false,regular,goal
0,3,null,null,A. Pérez,ayoze-perez,F,,,Y. Tielemans,youri-tielemans,M,19,null,false,regular,goal
0,2,,,Y. Tielemans,youri-tielemans,M,null,null,null,null,null,17,null,false,regular,goal
0,1,null,null,B. Chilwell,ben-chilwell,D,null,null,null,null,null,10,null,false,regular,goal
3,0,,,İ. Gündoğan,ilkay-gundogan,M,null,null,null,null,null,70,null,true,regular,goal
2,0,,,D. Silva,david-silva,M,,,K. D. Bruyne,kevin-de-bruyne,M,65,null,true,regular,goal
1,0,null,null,R. Sterling,raheem-sterling,F,null,null,null,null,null,46,null,true,regular,goal
3,2,null,null,L. Digne,lucas-digne,D,null,null,null,null,null,90,4,true,ownGoal,goal
2,2,null,null,N. Maupay,neal-maupay,F,null,null,null,null,null,80,null,true,penalty,goal
1,2,null,null,D. Calvert-Lewin,dominic-calvert-lewin,F,null,null,M. Holgate,mason-holgate,D,74,null,false,regular,goal
1,1,null,null,A. Webster,adam-webster,D,null,null,null,null,null,20,null,false,ownGoal,goal
1,0,null,null,P. Groß,pascal-gross,M,null,null,null,null,null,15,null,true,regular,goal
1,1,,,L. Mousset,lys-mousset,F,,,E. Stevens,enda-stevens,M,69,null,false,regular,goal
1,0,null,null,R. Snodgrass,robert-snodgrass,M,null,null,A. Yarmolenko,andriy-yarmolenko,M,44,null,true,regular,goal
2,4,,,D. McNeil,dwight-mcneil,M,null,null,R. Brady,robbie-brady,M,89,null,true,regular,goal
1,4,null,null,J. Rodriguez,jay-rodriguez,F,null,null,R. Brady,robbie-brady,M,86,null,true,regular,goal
0,4,,,Willian,willian,F,null,null,T. Abraham,tammy-abraham,F,58,null,false,regular,goal
0,3,null,null,C. Pulišić,christian-pulisic,F,null,null,M. Mount,mason-mount,M,56,null,false,regular,goal
0,2,null,null,C. Pulišić,christian-pulisic,F,,,Willian,willian,F,45,null,false,regular,goal
0,1,null,null,C. Pulišić,christian-pulisic,F,null,null,null,null,null,21,null,false,regular,goal
1,1,null,null,J. Otto,jonny-otto,M,null,null,null,null,null,73,null,false,regular,goal
1,0,null,null,J. Lascelles,jamaal-lascelles,D,null,null,F. Fernández,federico-fernandez,D,37,null,true,regular,goal
2,2,null,null,J. Ayew,jordan-ayew,F,null,null,J. McArthur,james-mcarthur,M,52,null,false,regular,goal
2,1,null,null,L. Milivojević,luka-milivojevic,M,null,null,null,null,null,32,null,false,penalty,goal
2,0,,,D. Luiz,david-luiz,D,null,null,null,null,null,9,null,true,regular,goal
1,0,,,Sokratis,sokratis,D,null,null,G. Xhaka,granit-xhaka,M,7,null,true,regular,goal
2,1,,,M. Salah,mohamed-salah,F,null,null,null,null,null,75,null,true,penalty,goal
1,1,null,null,J. Henderson,jordan-henderson,M,null,null,null,null,null,52,null,true,regular,goal
0,1,null,null,H. Kane,harry-kane,F,null,null,null,null,null,1,null,false,regular,goal
1,3,null,null,O. Hernández,onel-hernandez,M,null,null,null,null,null,88,null,true,regular,goal
0,3,,,A. Martial,anthony-martial,F,,,M. Rashford,marcus-rashford,M,73,null,false,regular,goal
0,2,,,M. Rashford,marcus-rashford,M,,,D. James,james-daniel,M,30,null,false,regular,goal
0,1,,,S. McTominay,scott-mctominay,M,null,null,null,null,null,21,null,false,regular,goal
1,0,null,null,J. King,joshua-king,F,null,null,A. Smith,adam-smith,D,45,null,true,regular,goal
1,1,null,null,R. Jiménez,raul-jimenez,F,null,null,J. Moutinho,joao-moutinho,M,76,null,false,regular,goal
1,0,null,null,P. Aubameyang,pierre-emerick-aubameyang,F,,,A. Lacazette,alexandre-lacazette,F,21,null,true,regular,goal
1,2,null,null,S. Mané,sadio-mane,F,,,T. Alexander-Arnold,trent-alexander-arnold,D,90,4,false,regular,goal
1,1,,,A. Robertson,andrew-robertson,D,null,null,S. Mané,sadio-mane,F,87,null,false,regular,goal
1,0,null,null,Trezeguet,trezeguet,M,null,null,J. McGinn,john-mcginn,M,21,null,true,regular,goal
2,0,null,null,S. Duffy,shane-duffy,D,null,null,L. Trossard,leandro-trossard,F,84,null,true,regular,goal
1,0,null,null,L. Trossard,leandro-trossard,F,null,null,M. Montoya,martin-montoya,D,68,null,true,regular,goal
2,1,,,K. Walker,kyle-walker,D,null,null,null,null,null,86,null,true,regular,goal
1,1,,,S. Agüero,sergio-aguero,F,,,K. Walker,kyle-walker,D,70,null,true,regular,goal
0,1,,,J. Ward-Prowse,james-ward-prowse,M,null,null,null,null,null,13,null,false,regular,goal
3,0,null,null,J. Fleck,john-fleck,M,,,L. Mousset,lys-mousset,F,44,null,true,regular,goal
2,0,null,null,J. Lundstram,john-lundstram,M,,,L. Mousset,lys-mousset,F,43,null,true,regular,goal
1,0,null,null,J. Lundstram,john-lundstram,M,,,L. Mousset,lys-mousset,F,17,null,true,regular,goal
2,3,null,null,R. Snodgrass,robert-snodgrass,M,null,null,M. Lanzini,manuel-lanzini,M,90,null,true,regular,goal
1,3,null,null,F. Balbuena,fabian-balbuena,D,null,null,null,null,null,73,null,true,regular,goal
0,3,null,null,J. Shelvey,jonjo-shelvey,M,null,null,null,null,null,51,null,false,regular,goal
0,2,null,null,F. Fernández,federico-fernandez,D,null,null,J. Willems,jetro-willems,D,22,null,false,regular,goal
0,1,,,C. Clark,ciaran-clark,D,null,null,Joelinton,joelinton,F,16,null,false,regular,goal
1,2,null,null,G. Deulofeu,gerard-deulofeu,F,null,null,null,null,null,80,null,true,penalty,goal
0,2,null,null,C. Pulišić,christian-pulisic,F,null,null,T. Abraham,tammy-abraham,F,55,null,false,regular,goal
0,1,null,null,T. Abraham,tammy-abraham,F,null,null,Jorginho,jorginho,M,5,null,false,regular,goal
0,2,,,J. Vardy,jamie-vardy,F,,,D. Gray,demarai-gray,M,88,null,false,regular,goal
0,1,null,null,Ç. Söyüncü,caglar-soyuncu,D,null,null,null,null,null,57,null,false,regular,goal
1,1,,,C. Tosun,cenk-tosun,F,null,null,L. Digne,lucas-digne,D,90,7,true,regular,goal
0,1,null,null,D. Alli,dele-alli,M,null,null,H. M. Son,heung-min-son,F,63,null,false,regular,goal
0,2,null,null,A. Gray,andre-gray,F,null,null,G. Deulofeu,gerard-deulofeu,F,52,null,false,regular,goal
0,1,null,null,G. Deulofeu,gerard-deulofeu,F,null,null,null,null,null,2,null,false,regular,goal
2,0,null,null,C. Pulišić,christian-pulisic,F,null,null,null,null,null,79,null,true,regular,goal
1,0,null,null,T. Abraham,tammy-abraham,F,,,Willian,willian,F,52,null,true,regular,goal
3,0,null,null,R. Jiménez,roberto-jimenez,G,null,null,null,null,null,54,null,true,ownGoal,goal
2,0,null,null,C. Wood,chris-wood,F,,,D. McNeil,dwight-mcneil,M,44,null,true,regular,goal
1,0,,,A. Barnes,ashley-barnes,F,null,null,J. Tarkowski,james-tarkowski,D,11,null,true,regular,goal
2,1,,,C. Clark,ciaran-clark,D,null,null,null,null,null,52,null,true,regular,goal
1,1,null,null,D. Yedlin,deandre-yedlin,D,null,null,null,null,null,42,null,true,regular,goal
0,1,,,H. Wilson,harry-wilson,M,null,null,R. Fraser,ryan-fraser,M,14,null,false,regular,goal
1,2,,,Richarlison,richarlison,F,null,null,D. Sidibé,djibril-sidibe,D,75,null,false,regular,goal
1,1,null,null,D. Ings,danny-ings,F,null,null,null,null,null,50,null,true,regular,goal
0,1,null,null,T. Davies,tom-davies,M,null,null,M. Holgate,mason-holgate,D,4,null,false,regular,goal
1,1,,,G. Baldock,george-baldock,M,,,D. McGoldrick,david-mcgoldrick,F,78,null,false,regular,goal
1,0,null,null,H. M. Son,heung-min-son,F,null,null,null,null,null,58,null,true,regular,goal
2,0,null,null,J. Maddison,james-maddison,M,,,J. Vardy,jamie-vardy,F,75,null,true,regular,goal
1,0,,,J. Vardy,jamie-vardy,F,,,Y. Tielemans,youri-tielemans,M,68,null,true,regular,goal
3,1,,,M. Rashford,marcus-rashford,M,,,A. Martial,anthony-martial,F,66,null,true,regular,goal
2,1,null,null,L. Dunk,lewis-dunk,D,null,null,P. Groß,pascal-gross,M,64,null,false,regular,goal
2,0,,,S. McTominay,scott-mctominay,M,,,H. Maguire,harry-maguire,D,19,null,true,regular,goal
1,0,null,null,A. Pereira,andreas-pereira,M,,,A. Martial,anthony-martial,F,17,null,true,regular,goal
2,1,null,null,Trezeguet,trezeguet,M,null,null,null,null,null,90,2,false,regular,goal
2,0,null,null,R. Jiménez,raul-jimenez,F,null,null,A. Traoré,adama-traore,F,84,null,true,regular,goal
1,0,null,null,R. Neves,ruben-neves,M,null,null,J. Moutinho,joao-moutinho,M,41,null,true,regular,goal
3,1,,,B. Silva,bernardo-silva,M,null,null,null,null,null,78,null,false,regular,goal
3,0,null,null,S. Mané,sadio-mane,F,null,null,J. Henderson,jordan-henderson,M,51,null,true,regular,goal
2,0,,,M. Salah,mohamed-salah,F,,,A. Robertson,andrew-robertson,D,13,null,true,regular,goal
1,0,,,Fabinho,fabinho,M,null,null,null,null,null,6,null,true,regular,goal
2,3,null,null,A. Ogbonna,angelo-ogbonna,D,null,null,R. Snodgrass,robert-snodgrass,M,90,6,true,regular,goal
1,3,null,null,M. Antonio,michail-antonio,F,null,null,M. Noble,mark-noble,M,73,null,true,regular,goal
0,3,null,null,H. Kane,harry-kane,F,null,null,S. Aurier,serge-aurier,D,49,null,false,regular,goal
0,2,null,null,L. Moura,lucas-moura,F,null,null,H. M. Son,heung-min-son,F,43,null,false,regular,goal
0,1,null,null,H. M. Son,heung-min-son,F,null,null,D. Alli,dele-alli,M,36,null,false,regular,goal
2,2,,,A. Lacazette,alexandre-lacazette,F,null,null,null,null,null,90,6,true,regular,goal
1,2,,,J. Ward-Prowse,james-ward-prowse,M,null,null,null,null,null,71,null,false,regular,goal
1,1,,,A. Lacazette,alexandre-lacazette,F,null,null,null,null,null,18,null,true,regular,goal
0,1,null,null,D. Ings,danny-ings,F,null,null,R. Bertrand,ryan-bertrand,D,8,null,false,regular,goal
1,2,null,null,S. Cook,steve-cook,D,null,null,R. Fraser,ryan-fraser,M,59,null,true,regular,goal
0,2,null,null,R. Jiménez,raul-jimenez,F,null,null,A. Traoré,adama-traore,F,31,null,false,regular,goal
0,1,null,null,J. Moutinho,joao-moutinho,M,null,null,null,null,null,21,null,false,regular,goal
0,2,,,J. Vardy,jamie-vardy,F,null,null,null,null,null,82,null,false,penalty,goal
0,1,null,null,A. Pérez,ayoze-perez,F,,,J. Vardy,jamie-vardy,F,64,null,false,regular,goal
1,2,null,null,R. Firmino,roberto-firmino,F,null,null,null,null,null,85,null,false,regular,goal
1,1,null,null,W. Zaha,wilfried-zaha,F,null,null,A. Townsend,andros-townsend,M,82,null,true,regular,goal
0,1,null,null,S. Mané,sadio-mane,F,,,A. Robertson,andrew-robertson,D,49,null,false,regular,goal
0,2,null,null,D. Srbeny,dennis-srbeny,F,null,null,null,null,null,90,2,false,regular,goal
0,1,,,T. Cantwell,todd-cantwell,M,null,null,T. Pukki,teemu-pukki,F,54,null,false,regular,goal
0,3,null,null,J. Tarkowski,james-tarkowski,D,null,null,null,null,null,88,null,false,regular,goal
0,2,,,A. Barnes,ashley-barnes,F,null,null,null,null,null,82,null,false,penalty,goal
0,1,null,null,C. Wood,chris-wood,F,null,null,null,null,null,53,null,false,regular,goal
2,1,null,null,R. Mahrez,riyad-mahrez,F,,,Rodri,rodri,M,37,null,true,regular,goal
1,1,,,K. D. Bruyne,kevin-de-bruyne,M,null,null,null,null,null,29,null,true,regular,goal
0,1,null,null,N. Kanté,ngolo-kante,M,null,null,M. Kovačić,mateo-kovacic,M,21,null,false,regular,goal
3,3,null,null,O. McBurnie,oliver-mcburnie,F,null,null,C. Robinson,callum-robinson,F,90,null,true,regular,goal
2,3,,,M. Rashford,marcus-rashford,M,,,D. James,james-daniel,M,79,null,false,regular,goal
2,2,null,null,M. Greenwood,mason-greenwood,M,,,M. Rashford,marcus-rashford,M,77,null,false,regular,goal
2,1,,,B. Williams,williams-brandon,D,null,null,null,null,null,72,null,false,regular,goal
2,0,,,L. Mousset,lys-mousset,F,null,null,J. Fleck,john-fleck,M,52,null,true,regular,goal
1,0,null,null,J. Fleck,john-fleck,M,null,null,null,null,null,19,null,true,regular,goal
2,0,null,null,A. E. Ghazi,anwar-el-ghazi,F,null,null,C. Hourihane,conor-hourihane,M,36,null,true,regular,goal
1,0,null,null,C. Hourihane,conor-hourihane,M,null,null,J. Grealish,jack-grealish,F,32,null,true,regular,goal
2,2,null,null,J. Shelvey,jonjo-shelvey,M,null,null,C. Atsu,christian-atsu,M,88,null,true,regular,goal
1,2,,,K. D. Bruyne,kevin-de-bruyne,M,null,null,null,null,null,82,null,false,regular,goal
1,1,null,null,J. Willems,jetro-willems,D,null,null,M. Almirón,miguel-almiron,M,25,null,true,regular,goal
0,1,null,null,R. Sterling,raheem-sterling,F,,,D. Silva,david-silva,M,22,null,false,regular,goal
0,2,null,null,J. Schlupp,jeffrey-schlupp,M,null,null,null,null,null,78,null,false,regular,goal
0,1,null,null,W. Zaha,wilfried-zaha,F,null,null,S. Dann,scott-dann,D,45,1,false,regular,goal
0,1,null,null,A. Cresswell,aaron-cresswell,D,null,null,P. Fornals,pablo-fornals,M,48,null,false,regular,goal
2,1,null,null,L. Dunk,lewis-dunk,D,null,null,null,null,null,79,null,false,regular,goal
2,0,null,null,V. v. Dijk,virgil-van-dijk,D,,,T. Alexander-Arnold,trent-alexander-arnold,D,24,null,true,regular,goal
1,0,null,null,V. v. Dijk,virgil-van-dijk,D,,,T. Alexander-Arnold,trent-alexander-arnold,D,18,null,true,regular,goal
3,2,,,H. Wilson,harry-wilson,M,null,null,null,null,null,90,6,false,regular,goal
3,1,,,H. Wilson,harry-wilson,M,null,null,null,null,null,73,null,false,regular,goal
3,0,null,null,M. Sissoko,moussa-sissoko,M,null,null,H. M. Son,heung-min-son,F,69,null,true,regular,goal
2,0,null,null,D. Alli,dele-alli,M,null,null,T. Alderweireld,toby-alderweireld,D,50,null,true,regular,goal
1,0,null,null,D. Alli,dele-alli,M,null,null,H. M. Son,heung-min-son,F,21,null,true,regular,goal
2,1,,,J. Ward-Prowse,james-ward-prowse,M,null,null,null,null,null,83,null,true,regular,goal
1,1,null,null,D. Ings,danny-ings,F,null,null,M. Djenepo,moussa-djenepo,M,78,null,true,regular,goal
0,1,null,null,I. Sarr,ismaila-sarr,M,null,null,null,null,null,24,null,false,regular,goal
2,2,null,null,P. Aubameyang,pierre-emerick-aubameyang,F,null,null,null,null,null,57,null,false,regular,goal
2,1,,,T. Cantwell,todd-cantwell,M,null,null,O. Hernández,onel-hernandez,M,45,2,true,regular,goal
1,1,null,null,P. Aubameyang,pierre-emerick-aubameyang,F,null,null,null,null,null,29,null,false,penalty,goal
1,0,null,null,T. Pukki,teemu-pukki,F,null,null,K. McLean,kenny-mclean,M,21,null,true,regular,goal
1,1,,,M. Doherty,matt-doherty,M,null,null,R. Jiménez,raul-jimenez,F,64,null,true,regular,goal
0,1,,,L. Mousset,lys-mousset,F,,,G. Baldock,george-baldock,M,2,null,false,regular,goal
2,1,,,K. Iheanacho,kelechi-iheanacho,F,,,R. Pereira,ricardo-pereira,D,90,4,true,regular,goal
1,1,,,J. Vardy,jamie-vardy,F,,,K. Iheanacho,kelechi-iheanacho,F,68,null,true,regular,goal
0,1,,,Richarlison,richarlison,F,null,null,D. Sidibé,djibril-sidibe,D,23,null,false,regular,goal
2,2,null,null,T. Mings,tyrone-mings,D,null,null,M. Targett,matt-targett,D,66,null,false,regular,goal
2,1,null,null,V. Lindelöf,victor-lindelof,D,null,null,null,null,null,64,null,true,regular,goal
1,1,,,T. Heaton,tom-heaton,G,null,null,null,null,null,42,null,true,ownGoal,goal
0,1,null,null,J. Grealish,jack-grealish,F,null,null,A. E. Ghazi,anwar-el-ghazi,F,11,null,false,regular,goal
1,0,null,null,J. Schlupp,jeffrey-schlupp,M,null,null,J. McArthur,james-mcarthur,M,76,null,true,regular,goal
1,4,null,null,R. Brady,robbie-brady,M,null,null,J. Hendrick,jeff-hendrick,M,89,null,true,regular,goal
0,4,null,null,R. Mahrez,riyad-mahrez,F,,,B. Silva,bernardo-silva,M,87,null,false,regular,goal
0,3,,,Rodri,rodri,M,null,null,null,null,null,68,null,false,regular,goal
0,2,null,null,Gabriel,gabriel-jesus,F,,,B. Silva,bernardo-silva,M,50,null,false,regular,goal
0,1,null,null,Gabriel,gabriel-jesus,F,,,D. Silva,david-silva,M,24,null,false,regular,goal
2,1,null,null,M. Mount,mason-mount,M,null,null,T. Abraham,tammy-abraham,F,48,null,true,regular,goal
1,1,null,null,Trezeguet,trezeguet,M,null,null,A. El-Mohamady,ahmed-el-mohamady,D,41,null,false,regular,goal
1,0,null,null,T. Abraham,tammy-abraham,F,null,null,R. James,reece-james,D,24,null,true,regular,goal
2,0,null,null,J. Maddison,james-maddison,M,,,J. Justin,james-justin,D,90,5,true,regular,goal
1,0,,,J. Vardy,jamie-vardy,F,null,null,null,null,null,55,null,true,penalty,goal
2,1,,,M. Rashford,marcus-rashford,M,null,null,null,null,null,49,null,true,penalty,goal
1,1,null,null,D. Alli,dele-alli,M,null,null,null,null,null,39,null,false,regular,goal
1,0,,,M. Rashford,marcus-rashford,M,null,null,null,null,null,6,null,true,regular,goal
2,1,null,null,T. Pukki,teemu-pukki,F,null,null,A. Tettey,alexander-tettey,M,65,null,false,regular,goal
2,0,null,null,R. Bertrand,ryan-bertrand,D,null,null,S. Long,shane-long,F,43,null,true,regular,goal
1,0,null,null,D. Ings,danny-ings,F,,,J. Ward-Prowse,james-ward-prowse,M,22,null,true,regular,goal
2,0,,,P. Cutrone,patrick-cutrone,F,null,null,P. Neto,pedro-neto,F,86,null,true,regular,goal
1,0,null,null,L. Dendoncker,leander-dendoncker,M,null,null,J. Moutinho,joao-moutinho,M,23,null,true,regular,goal
5,2,null,null,G. Wijnaldum,georginio-wijnaldum,M,null,null,R. Firmino,roberto-firmino,F,90,null,true,regular,goal
4,2,,,Richarlison,richarlison,F,,,Bernard,bernard,F,45,3,false,regular,goal
4,1,null,null,S. Mané,sadio-mane,F,,,T. Alexander-Arnold,trent-alexander-arnold,D,45,null,true,regular,goal
3,1,null,null,D. Origi,divock-origi,F,null,null,D. Lovren,dejan-lovren,D,31,null,true,regular,goal
2,1,null,null,M. Keane,michael-keane,D,null,null,null,null,null,21,null,false,regular,goal
2,0,null,null,X. Shaqiri,xherdan-shaqiri,M,null,null,S. Mané,sadio-mane,F,17,null,true,regular,goal
1,0,null,null,D. Origi,divock-origi,F,null,null,S. Mané,sadio-mane,F,6,null,true,regular,goal
0,2,null,null,J. Shelvey,jonjo-shelvey,M,null,null,A. Carroll,andy-carroll,F,70,null,false,regular,goal
0,1,null,null,A. Saint-Maximin,allan-saint-maximin,M,null,null,J. Manquillo,javier-manquillo,D,15,null,false,regular,goal
1,2,null,null,N. Maupay,neal-maupay,F,,,A. Mooy,aaron-mooy,M,80,null,false,regular,goal
1,1,,,A. Lacazette,alexandre-lacazette,F,,,M. Özil,mesut-ozil,M,50,null,true,regular,goal
0,1,null,null,A. Webster,adam-webster,D,null,null,null,null,null,36,null,false,regular,goal
3,1,null,null,D. Calvert-Lewin,dominic-calvert-lewin,F,null,null,null,null,null,84,null,true,regular,goal
2,1,null,null,M. Kovačić,mateo-kovacic,M,null,null,null,null,null,52,null,false,regular,goal
2,0,null,null,D. Calvert-Lewin,dominic-calvert-lewin,F,null,null,null,null,null,49,null,true,regular,goal
1,0,,,Richarlison,richarlison,F,null,null,D. Sidibé,djibril-sidibe,D,5,null,true,regular,goal
0,3,,,M. Salah,mohamed-salah,F,null,null,N. Keïta,naby-keita,M,54,null,false,regular,goal
0,2,null,null,N. Keïta,naby-keita,M,,,M. Salah,mohamed-salah,F,44,null,false,regular,goal
0,1,,,A. Oxlade-Chamberlain,alex-oxlade-chamberlain,M,null,null,J. Henderson,jordan-henderson,M,35,null,false,regular,goal
5,0,null,null,M. Sissoko,moussa-sissoko,M,null,null,H. Kane,harry-kane,F,74,null,true,regular,goal
4,0,null,null,H. Kane,harry-kane,F,null,null,D. Alli,dele-alli,M,54,null,true,regular,goal
3,0,null,null,H. M. Son,heung-min-son,F,,,J. Vertonghen,jan-vertonghen,D,32,null,true,regular,goal
2,0,null,null,L. Moura,lucas-moura,F,null,null,D. Alli,dele-alli,M,9,null,true,regular,goal
1,0,null,null,H. Kane,harry-kane,F,null,null,H. M. Son,heung-min-son,F,5,null,true,regular,goal
1,2,null,null,N. Otamendi,nicolas-otamendi,D,null,null,R. Mahrez,riyad-mahrez,F,85,null,true,regular,goal
0,2,,,A. Martial,anthony-martial,F,,,D. James,james-daniel,M,29,null,false,regular,goal
0,1,,,M. Rashford,marcus-rashford,M,null,null,null,null,null,23,null,false,penalty,goal
1,4,,,J. Vardy,jamie-vardy,F,null,null,D. Praet,dennis-praet,M,75,null,false,regular,goal
1,3,null,null,J. Evans,jonny-evans,D,null,null,J. Maddison,james-maddison,M,49,null,false,regular,goal
1,2,null,null,J. Grealish,jack-grealish,F,null,null,E. Konsa,ezri-konsa,D,45,2,true,regular,goal
0,2,,,K. Iheanacho,kelechi-iheanacho,F,null,null,null,null,null,41,null,false,regular,goal
0,1,,,J. Vardy,jamie-vardy,F,,,K. Iheanacho,kelechi-iheanacho,F,20,null,false,regular,goal
2,1,null,null,F. Fernández,federico-fernandez,D,null,null,null,null,null,87,null,true,regular,goal
1,1,null,null,J. Shelvey,jonjo-shelvey,M,null,null,A. Carroll,andy-carroll,F,68,null,true,regular,goal
0,1,null,null,D. Ings,danny-ings,F,null,null,J. Stephens,jack-stephens,D,52,null,false,regular,goal
1,2,,,G. Baldock,george-baldock,M,null,null,null,null,null,52,null,false,regular,goal
1,1,,,E. Stevens,enda-stevens,M,,,G. Baldock,george-baldock,M,49,null,false,regular,goal
1,0,null,null,A. Tettey,alexander-tettey,M,null,null,C. Zimmermann,christoph-zimmermann,D,27,null,true,regular,goal
2,2,,,D. Jota,diogo-jota,F,null,null,J. Otto,jonny-otto,M,44,null,false,regular,goal
2,1,null,null,D. Pröpper,davy-propper,M,null,null,L. Trossard,leandro-trossard,F,36,null,true,regular,goal
1,1,null,null,N. Maupay,neal-maupay,F,,,D. Stephens,dale-stephens,M,34,null,true,regular,goal
0,1,,,D. Jota,diogo-jota,F,null,null,R. Jiménez,raul-jimenez,F,28,null,false,regular,goal
1,3,null,null,P. Aubameyang,pierre-emerick-aubameyang,F,null,null,N. Pépé,nicolas-pepe,F,69,null,false,regular,goal
1,2,null,null,N. Pépé,nicolas-pepe,F,null,null,P. Aubameyang,pierre-emerick-aubameyang,F,66,null,false,regular,goal
1,1,null,null,G. Martinelli,gabriel-martinelli,M,,,S. Kolašinac,sead-kolasinac,D,60,null,false,regular,goal
1,0,null,null,A. Ogbonna,angelo-ogbonna,D,null,null,P. Fornals,pablo-fornals,M,38,null,true,regular,goal
2,0,,,M. Salah,mohamed-salah,F,null,null,D. Origi,divock-origi,F,90,null,true,regular,goal
1,0,,,M. Salah,mohamed-salah,F,null,null,S. Mané,sadio-mane,F,38,null,true,regular,goal
1,0,null,null,C. Wood,chris-wood,F,null,null,A. Westwood,ashley-westwood,M,58,null,true,regular,goal
0,1,null,null,D. Gosling,dan-gosling,M,null,null,J. Lerma,jefferson-lerma,M,84,null,false,regular,goal
1,1,null,null,T. Krul,tim-krul,G,null,null,null,null,null,38,null,true,ownGoal,goal
0,1,null,null,T. Pukki,teemu-pukki,F,null,null,E. Buendía,emiliano-buendia,M,26,null,false,regular,goal
2,0,null,null,J. Fleck,john-fleck,M,,,D. McGoldrick,david-mcgoldrick,F,73,null,true,regular,goal
1,0,null,null,J. Fleck,john-fleck,M,null,null,J. Lundstram,john-lundstram,M,50,null,true,regular,goal
0,1,null,null,S. Haller,sebastien-haller,F,null,null,P. Fornals,pablo-fornals,M,37,null,false,regular,goal
1,1,null,null,M. Greenwood,mason-greenwood,M,,,D. James,james-daniel,M,77,null,true,regular,goal
0,1,null,null,V. Lindelöf,victor-lindelof,D,null,null,null,null,null,36,null,false,ownGoal,goal
1,2,,,J. Vertonghen,jan-vertonghen,D,null,null,C. Eriksen,christian-eriksen,M,90,1,false,regular,goal
1,1,null,null,A. Traoré,adama-traore,F,null,null,R. Jiménez,raul-jimenez,F,67,null,true,regular,goal
0,1,null,null,L. Moura,lucas-moura,F,null,null,E. Dier,eric-dier,D,8,null,false,regular,goal
0,3,,,K. D. Bruyne,kevin-de-bruyne,M,,,P. Foden,foden-phil,M,40,null,false,regular,goal
0,2,null,null,R. Sterling,raheem-sterling,F,null,null,null,null,null,15,null,false,regular,goal
0,1,,,K. D. Bruyne,kevin-de-bruyne,M,null,null,Gabriel,gabriel-jesus,F,2,null,false,regular,goal
1,1,null,null,W. Zaha,wilfried-zaha,F,,,J. Tomkins,james-tomkins,D,76,null,true,regular,goal
0,1,null,null,N. Maupay,neal-maupay,F,null,null,P. Groß,pascal-gross,M,54,null,false,regular,goal
1,3,null,null,J. Grealish,jack-grealish,F,null,null,null,null,null,75,null,true,regular,goal
0,3,null,null,D. Ings,danny-ings,F,null,null,null,null,null,51,null,false,regular,goal
0,2,null,null,J. Stephens,jack-stephens,D,,,J. Ward-Prowse,james-ward-prowse,M,31,null,false,regular,goal
0,1,null,null,D. Ings,danny-ings,F,null,null,null,null,null,21,null,false,regular,goal
0,1,null,null,J. Rodriguez,jay-rodriguez,F,null,null,A. Westwood,ashley-westwood,M,89,null,false,regular,goal
0,1,null,null,O. McBurnie,oliver-mcburnie,F,null,null,null,null,null,23,null,false,regular,goal
1,0,null,null,M. Almirón,miguel-almiron,M,null,null,null,null,null,83,null,true,regular,goal
1,2,null,null,R. Jiménez,raul-jimenez,F,null,null,null,null,null,81,null,false,regular,goal
1,1,,,R. Saiss,romain-saiss,D,null,null,J. Moutinho,joao-moutinho,M,60,null,false,regular,goal
1,0,,,T. Cantwell,todd-cantwell,M,null,null,null,null,null,17,null,true,regular,goal
3,1,null,null,Gabriel,gabriel-jesus,F,,,K. D. Bruyne,kevin-de-bruyne,M,69,null,true,regular,goal
2,1,,,İ. Gündoğan,ilkay-gundogan,M,null,null,null,null,null,43,null,true,penalty,goal
1,1,null,null,R. Mahrez,riyad-mahrez,F,null,null,B. Mendy,benjamin-mendy,D,30,null,true,regular,goal
0,1,,,J. Vardy,jamie-vardy,F,,,H. Barnes,harvey-barnes,M,22,null,false,regular,goal
2,0,null,null,T. Deeney,troy-deeney,F,null,null,null,null,null,54,null,true,penalty,goal
1,0,null,null,I. Sarr,ismaila-sarr,M,null,null,C. Kabasele,christian-kabasele,D,50,null,true,regular,goal
0,2,,,Willian,willian,F,null,null,null,null,null,45,4,false,penalty,goal
0,1,,,Willian,willian,F,null,null,M. Kovačić,mateo-kovacic,M,12,null,false,regular,goal
0,2,,,A. Oxlade-Chamberlain,alex-oxlade-chamberlain,M,,,M. Salah,mohamed-salah,F,52,null,false,regular,goal
0,1,,,M. Salah,mohamed-salah,F,null,null,null,null,null,35,null,false,penalty,goal
2,1,null,null,D. Alli,dele-alli,M,null,null,S. Aurier,serge-aurier,D,72,null,true,regular,goal
1,1,null,null,H. Kane,harry-kane,F,null,null,null,null,null,53,null,true,regular,goal
0,1,null,null,A. Webster,adam-webster,D,null,null,P. Groß,pascal-gross,M,37,null,false,regular,goal
1,0,null,null,C. Hourihane,conor-hourihane,M,null,null,J. Grealish,jack-grealish,F,64,null,true,regular,goal
1,1,null,null,P. Aubameyang,pierre-emerick-aubameyang,F,null,null,null,null,null,63,null,false,regular,goal
1,0,null,null,D. Gosling,dan-gosling,M,null,null,J. Stacey,jack-stacey,D,35,null,true,regular,goal
0,2,,,N. Redmond,nathan-redmond,M,null,null,null,null,null,73,null,false,regular,goal
0,1,null,null,M. Obafemi,michael-obafemi,F,,,P. Højbjerg,pierre-emile-hojbjerg,M,31,null,false,regular,goal
2,1,null,null,J. Ayew,jordan-ayew,F,null,null,C. Wickham,connor-wickham,F,90,null,true,regular,goal
1,1,null,null,C. Kouyaté,cheikhou-kouyate,D,null,null,J. Ayew,jordan-ayew,F,68,null,true,regular,goal
0,1,null,null,R. Snodgrass,robert-snodgrass,M,null,null,M. Antonio,michail-antonio,F,57,null,false,regular,goal
1,0,null,null,D. Calvert-Lewin,dominic-calvert-lewin,F,null,null,D. Sidibé,djibril-sidibe,D,80,null,true,regular,goal
1,1,,,O. Norwood,oliver-norwood,M,null,null,null,null,null,36,null,true,penalty,goal
0,1,null,null,G. Deulofeu,gerard-deulofeu,F,null,null,N. Chalobah,nathaniel-chalobah,M,27,null,false,regular,goal
4,1,,,A. Martial,anthony-martial,F,null,null,null,null,null,51,null,true,regular,goal
3,1,,,M. Rashford,marcus-rashford,M,,,A. Wan-Bissaka,aaron-wan-bissaka,D,41,null,true,regular,goal
2,1,null,null,M. Greenwood,mason-greenwood,M,null,null,null,null,null,36,null,true,regular,goal
1,1,,,A. Martial,anthony-martial,F,null,null,A. Pereira,andreas-pereira,M,24,null,true,regular,goal
0,1,,,M. Longstaff,matthew-longstaff,M,null,null,Joelinton,joelinton,F,17,null,false,regular,goal
0,4,,,T. Alexander-Arnold,trent-alexander-arnold,D,null,null,S. Mané,sadio-mane,F,78,null,false,regular,goal
0,3,null,null,R. Firmino,roberto-firmino,F,,,T. Alexander-Arnold,trent-alexander-arnold,D,74,null,false,regular,goal
0,2,null,null,J. Milner,james-milner,M,null,null,null,null,null,71,null,false,penalty,goal
0,1,null,null,R. Firmino,roberto-firmino,F,,,T. Alexander-Arnold,trent-alexander-arnold,D,31,null,false,regular,goal
3,2,,,M. Doherty,matt-doherty,M,null,null,R. Jiménez,raul-jimenez,F,89,null,true,regular,goal
2,2,null,null,R. Jiménez,raul-jimenez,F,null,null,A. Traoré,adama-traore,F,82,null,true,regular,goal
1,2,null,null,A. Traoré,adama-traore,F,null,null,R. Neves,ruben-neves,M,55,null,true,regular,goal
0,2,null,null,R. Sterling,raheem-sterling,F,,,K. D. Bruyne,kevin-de-bruyne,M,50,null,false,regular,goal
0,1,null,null,R. Sterling,raheem-sterling,F,null,null,null,null,null,25,null,false,regular,goal
2,0,,,A. Mooy,aaron-mooy,M,null,null,L. Trossard,leandro-trossard,F,79,null,true,regular,goal
1,0,null,null,A. Jahanbakhsh,alireza-jahanbakhsh,F,null,null,N. Maupay,neal-maupay,F,3,null,true,regular,goal
1,2,null,null,D. Calvert-Lewin,dominic-calvert-lewin,F,,,Richarlison,richarlison,F,64,null,false,regular,goal
1,1,null,null,F. Schär,fabian-schar,D,null,null,A. Carroll,andy-carroll,F,56,null,true,regular,goal
0,1,null,null,D. Calvert-Lewin,dominic-calvert-lewin,F,null,null,null,null,null,13,null,false,regular,goal
1,1,null,null,D. Ings,danny-ings,F,null,null,null,null,null,74,null,true,regular,goal
0,1,,,J. Tomkins,james-tomkins,D,null,null,L. Milivojević,luka-milivojevic,M,50,null,false,regular,goal
3,0,null,null,I. Sarr,ismaila-sarr,M,null,null,É. Capoue,etienne-capoue,M,71,null,true,regular,goal
2,0,null,null,T. Deeney,troy-deeney,F,null,null,null,null,null,67,null,true,penalty,goal
1,0,null,null,T. Deeney,troy-deeney,F,null,null,null,null,null,42,null,true,regular,goal
2,2,null,null,H. Kane,harry-kane,F,null,null,null,null,null,83,null,false,penalty,goal
2,1,null,null,S. Aurier,serge-aurier,D,null,null,null,null,null,61,null,true,ownGoal,goal
1,1,null,null,C. Eriksen,christian-eriksen,M,null,null,null,null,null,55,null,false,regular,goal
1,0,null,null,M. Vrančić,mario-vrancic,M,null,null,E. Buendía,emiliano-buendia,M,18,null,true,regular,goal
1,2,,,D. Gray,demarai-gray,M,null,null,A. Pérez,ayoze-perez,F,56,null,false,regular,goal
1,1,null,null,P. Fornals,pablo-fornals,M,null,null,F. Anderson,felipe-anderson,M,45,null,true,regular,goal
0,1,,,K. Iheanacho,kelechi-iheanacho,F,null,null,A. Pérez,ayoze-perez,F,40,null,false,regular,goal
0,2,,,M. Rashford,marcus-rashford,M,,,D. James,james-daniel,M,90,5,false,regular,goal
0,1,,,A. Martial,anthony-martial,F,null,null,A. Pereira,andreas-pereira,M,44,null,false,regular,goal
1,2,null,null,T. Abraham,tammy-abraham,F,,,Willian,willian,F,87,null,false,regular,goal
1,1,null,null,Jorginho,jorginho,M,null,null,M. Mount,mason-mount,M,83,null,false,regular,goal
1,0,null,null,P. Aubameyang,pierre-emerick-aubameyang,F,null,null,C. Chambers,calum-chambers,D,13,null,true,regular,goal
1,0,null,null,S. Mané,sadio-mane,F,,,A. Lallana,adam-lallana,M,42,null,true,regular,goal
2,0,,,K. D. Bruyne,kevin-de-bruyne,M,null,null,R. Mahrez,riyad-mahrez,F,82,null,true,regular,goal
1,0,,,S. Agüero,sergio-aguero,F,,,K. D. Bruyne,kevin-de-bruyne,M,52,null,true,regular,goal
1,1,null,null,A. Jahanbakhsh,alireza-jahanbakhsh,F,null,null,L. Dunk,lewis-dunk,D,84,null,true,regular,goal
0,1,null,null,C. Azpilicueta,cesar-azpilicueta,D,null,null,null,null,null,10,null,false,regular,goal
1,2,null,null,C. Wood,chris-wood,F,null,null,A. Westwood,ashley-westwood,M,80,null,true,regular,goal
0,2,null,null,J. Grealish,jack-grealish,F,null,null,D. Luiz,douglas-luiz,M,41,null,false,regular,goal
0,1,null,null,Wesley,wesley,F,null,null,null,null,null,27,null,false,regular,goal
0,3,,,H. Choudhury,hamza-choudhury,M,null,null,W. Ndidi,wilfred-ndidi,M,87,null,false,regular,goal
0,2,null,null,J. Maddison,james-maddison,M,null,null,A. Pérez,ayoze-perez,F,39,null,false,regular,goal
0,1,null,null,A. Pérez,ayoze-perez,F,null,null,null,null,null,36,null,false,regular,goal
1,0,null,null,D. Ings,danny-ings,F,null,null,J. Stephens,jack-stephens,D,17,null,true,regular,goal
2,1,null,null,P. Neto,pedro-neto,F,null,null,J. Moutinho,joao-moutinho,M,60,null,false,regular,goal
2,0,null,null,A. Doucouré,abdoulaye-doucoure,M,null,null,G. Deulofeu,gerard-deulofeu,F,49,null,true,regular,goal
1,0,null,null,G. Deulofeu,gerard-deulofeu,F,null,null,I. Sarr,ismaila-sarr,M,30,null,true,regular,goal
2,1,,,Richarlison,richarlison,F,null,null,null,null,null,71,null,false,regular,goal
2,0,null,null,Gabriel,gabriel-jesus,F,null,null,R. Mahrez,riyad-mahrez,F,58,null,true,regular,goal
1,0,null,null,Gabriel,gabriel-jesus,F,,,İ. Gündoğan,ilkay-gundogan,M,51,null,true,regular,goal
1,1,null,null,C. Wickham,connor-wickham,F,null,null,W. Zaha,wilfried-zaha,F,85,null,false,regular,goal
1,0,,,T. Cantwell,todd-cantwell,M,null,null,E. Buendía,emiliano-buendia,M,4,null,true,regular,goal
4,0,null,null,F. Anderson,felipe-anderson,M,null,null,D. Rice,declan-rice,M,66,null,true,regular,goal
3,0,null,null,M. Noble,mark-noble,M,null,null,null,null,null,35,null,true,penalty,goal
2,0,null,null,S. Haller,sebastien-haller,F,null,null,R. Fredericks,ryan-fredericks,D,25,null,true,regular,goal
1,0,null,null,M. Noble,mark-noble,M,null,null,R. Snodgrass,robert-snodgrass,M,17,null,true,regular,goal
2,0,,,Sokratis,sokratis,D,null,null,null,null,null,42,null,true,regular,goal
1,0,null,null,N. Pépé,nicolas-pepe,F,null,null,null,null,null,8,null,true,regular,goal
2,0,null,null,S. Mané,sadio-mane,F,null,null,null,null,null,64,null,true,regular,goal
1,0,,,M. Salah,mohamed-salah,F,,,A. Robertson,andrew-robertson,D,4,null,true,regular,goal
1,0,null,null,O. McBurnie,oliver-mcburnie,F,null,null,J. Fleck,john-fleck,M,53,null,true,regular,goal
1,1,null,null,J. Ayew,jordan-ayew,F,null,null,C. Kouyaté,cheikhou-kouyate,D,54,null,true,regular,goal
0,1,null,null,P. Aubameyang,pierre-emerick-aubameyang,F,,,A. Lacazette,alexandre-lacazette,F,12,null,false,regular,goal
3,0,null,null,C. Hudson-Odoi,callum-hudson-odoi,F,null,null,C. Azpilicueta,cesar-azpilicueta,D,49,null,true,regular,goal
2,0,null,null,T. Abraham,tammy-abraham,F,null,null,R. James,reece-james,D,38,null,true,regular,goal
1,0,null,null,Jorginho,jorginho,M,null,null,null,null,null,27,null,true,penalty,goal
1,0,,,Richarlison,richarlison,F,null,null,L. Digne,lucas-digne,D,38,null,true,regular,goal
1,2,null,null,D. Ings,danny-ings,F,null,null,C. Adams,che-adams,F,81,null,false,regular,goal
1,1,null,null,S. Armstrong,stuart-armstrong,M,null,null,S. Long,shane-long,F,19,null,false,regular,goal
1,0,null,null,D. Praet,dennis-praet,M,,,J. Vardy,jamie-vardy,F,14,null,true,regular,goal
4,0,null,null,M. Greenwood,mason-greenwood,M,null,null,null,null,null,76,null,true,regular,goal
3,0,,,A. Martial,anthony-martial,F,,,J. Mata,juan-mata,M,54,null,true,regular,goal
2,0,,,M. Rashford,marcus-rashford,M,null,null,null,null,null,52,null,true,penalty,goal
1,0,,,M. Rashford,marcus-rashford,M,,,J. Mata,juan-mata,M,27,null,true,regular,goal
1,1,null,null,L. Dendoncker,leander-dendoncker,M,null,null,null,null,null,14,null,true,regular,goal
0,1,null,null,M. Almirón,miguel-almiron,M,null,null,D. Gayle,dwight-gayle,F,7,null,false,regular,goal
0,1,null,null,R. Firmino,roberto-firmino,F,,,M. Salah,mohamed-salah,F,37,null,false,regular,goal
0,3,null,null,R. Pereyra,roberto-pereyra,M,null,null,null,null,null,90,2,false,regular,goal
0,2,null,null,T. Deeney,troy-deeney,F,null,null,A. Doucouré,abdoulaye-doucoure,M,65,null,false,regular,goal
0,1,null,null,A. Doucouré,abdoulaye-doucoure,M,null,null,I. Sarr,ismaila-sarr,M,42,null,false,regular,goal
1,6,null,null,A. E. Ghazi,anwar-el-ghazi,F,null,null,null,null,null,90,1,true,penalty,goal
0,6,,,S. Agüero,sergio-aguero,F,null,null,R. Mahrez,riyad-mahrez,F,81,null,false,regular,goal
0,5,,,S. Agüero,sergio-aguero,F,,,D. Silva,david-silva,M,57,null,false,regular,goal
0,4,null,null,Gabriel,gabriel-jesus,F,,,K. D. Bruyne,kevin-de-bruyne,M,45,1,false,regular,goal
0,3,,,S. Agüero,sergio-aguero,F,,,K. D. Bruyne,kevin-de-bruyne,M,28,null,false,regular,goal
0,2,null,null,R. Mahrez,riyad-mahrez,F,null,null,Gabriel,gabriel-jesus,F,24,null,false,regular,goal
0,1,null,null,R. Mahrez,riyad-mahrez,F,,,S. Agüero,sergio-aguero,F,18,null,false,regular,goal
1,1,null,null,J. Fleck,john-fleck,M,null,null,null,null,null,83,null,false,regular,goal
1,0,null,null,G. Martinelli,gabriel-martinelli,M,null,null,null,null,null,45,null,true,regular,goal
1,1,null,null,J. Grealish,jack-grealish,F,null,null,D. Luiz,douglas-luiz,M,75,null,false,regular,goal
1,0,null,null,L. Trossard,leandro-trossard,F,null,null,N. Maupay,neal-maupay,F,38,null,true,regular,goal
2,2,null,null,Fernandinho,fernandinho,M,null,null,null,null,null,90,null,false,ownGoal,goal
2,1,,,S. Agüero,sergio-aguero,F,null,null,B. Mendy,benjamin-mendy,D,87,null,true,regular,goal
1,1,,,S. Agüero,sergio-aguero,F,null,null,Gabriel,gabriel-jesus,F,82,null,true,regular,goal
0,1,,,C. Tosun,cenk-tosun,F,,,G. Cahill,gary-cahill,D,39,null,false,regular,goal
1,0,null,null,T. Pukki,teemu-pukki,F,null,null,null,null,null,33,null,true,penalty,goal
2,3,null,null,R. Jiménez,raul-jimenez,F,null,null,A. Traoré,adama-traore,F,76,null,false,regular,goal
2,2,null,null,R. Jiménez,raul-jimenez,F,null,null,null,null,null,65,null,false,penalty,goal
2,1,null,null,P. Neto,pedro-neto,F,null,null,A. Traoré,adama-traore,F,53,null,false,regular,goal
2,0,null,null,S. Long,shane-long,F,,,C. Soares,cedric-soares,D,35,null,true,regular,goal
1,0,,,J. Bednarek,jan-bednarek,D,null,null,null,null,null,15,null,true,regular,goal
1,1,null,null,D. Calvert-Lewin,dominic-calvert-lewin,F,null,null,M. Holgate,mason-holgate,D,44,null,false,regular,goal
1,0,null,null,I. Diop,issa-diop,D,null,null,R. Snodgrass,robert-snodgrass,M,40,null,true,regular,goal
1,0,null,null,I. Hayden,isaac-hayden,M,null,null,A. Saint-Maximin,allan-saint-maximin,M,90,4,true,regular,goal
2,1,null,null,A. Westwood,ashley-westwood,M,null,null,null,null,null,79,null,true,regular,goal
1,1,null,null,C. Wood,chris-wood,F,null,null,null,null,null,56,null,true,regular,goal
0,1,,,H. Barnes,harvey-barnes,M,null,null,D. Praet,dennis-praet,M,33,null,false,regular,goal
2,0,,,M. Salah,mohamed-salah,F,,,Alisson,alisson,G,90,3,true,regular,goal
1,0,null,null,V. v. Dijk,virgil-van-dijk,D,,,T. Alexander-Arnold,trent-alexander-arnold,D,14,null,true,regular,goal
2,1,null,null,T. Mings,tyrone-mings,D,null,null,E. Konsa,ezri-konsa,D,90,5,true,regular,goal
1,1,null,null,D. Luiz,douglas-luiz,M,null,null,null,null,null,68,null,true,regular,goal
0,1,null,null,T. Deeney,troy-deeney,F,null,null,G. Deulofeu,gerard-deulofeu,F,38,null,false,regular,goal
3,1,,,A. Mooy,aaron-mooy,M,null,null,null,null,null,81,null,false,regular,goal
3,0,null,null,C. Wilson,callum-wilson,F,null,null,null,null,null,74,null,true,regular,goal
2,0,null,null,P. Groß,pascal-gross,M,null,null,null,null,null,41,null,true,ownGoal,goal
1,0,,,H. Wilson,harry-wilson,M,null,null,D. Solanke,dominic-solanke,F,36,null,true,regular,goal
0,2,null,null,S. Armstrong,stuart-armstrong,M,,,N. Redmond,nathan-redmond,M,48,null,false,regular,goal
0,1,,,N. Redmond,nathan-redmond,M,null,null,J. Stephens,jack-stephens,D,22,null,false,regular,goal
2,2,null,null,F. Lejeune,florian-lejeune,D,null,null,null,null,null,90,5,false,regular,goal
2,1,null,null,F. Lejeune,florian-lejeune,D,null,null,null,null,null,90,4,false,regular,goal
2,0,null,null,D. Calvert-Lewin,dominic-calvert-lewin,F,null,null,L. Digne,lucas-digne,D,54,null,true,regular,goal
1,0,,,M. Kean,moise-kean,F,,,Bernard,bernard,F,30,null,true,regular,goal
0,1,,,S. Agüero,sergio-aguero,F,,,K. D. Bruyne,kevin-de-bruyne,M,73,null,false,regular,goal
2,2,null,null,H. Bellerín,hector-bellerin,D,,,L. Torreira,lucas-torreira,M,87,null,false,regular,goal
2,1,null,null,C. Azpilicueta,cesar-azpilicueta,D,null,null,C. Hudson-Odoi,callum-hudson-odoi,F,84,null,true,regular,goal
1,1,null,null,G. Martinelli,gabriel-martinelli,M,,,S. Mustafi,shkodran-mustafi,D,63,null,false,regular,goal
1,0,null,null,Jorginho,jorginho,M,null,null,null,null,null,28,null,true,penalty,goal
4,1,null,null,A. Pérez,ayoze-perez,F,,,K. Iheanacho,kelechi-iheanacho,F,88,null,true,regular,goal
3,1,null,null,A. Pérez,ayoze-perez,F,null,null,null,null,null,81,null,true,penalty,goal
2,1,null,null,M. Noble,mark-noble,M,null,null,null,null,null,50,null,false,penalty,goal
2,0,,,R. Pereira,ricardo-pereira,D,,,H. Barnes,harvey-barnes,M,45,5,true,regular,goal
1,0,,,H. Barnes,harvey-barnes,M,,,R. Pereira,ricardo-pereira,D,24,null,true,regular,goal
2,1,null,null,H. M. Son,heung-min-son,F,null,null,null,null,null,79,null,true,regular,goal
1,1,null,null,T. Pukki,teemu-pukki,F,null,null,null,null,null,70,null,false,penalty,goal
1,0,null,null,D. Alli,dele-alli,M,null,null,S. Aurier,serge-aurier,D,38,null,true,regular,goal
0,2,null,null,J. Rodriguez,jay-rodriguez,F,null,null,C. Wood,chris-wood,F,56,null,false,regular,goal
0,1,null,null,C. Wood,chris-wood,F,null,null,B. Mee,ben-mee,D,39,null,false,regular,goal
1,2,null,null,R. Firmino,roberto-firmino,F,null,null,J. Henderson,jordan-henderson,M,84,null,false,regular,goal
1,1,null,null,R. Jiménez,raul-jimenez,F,null,null,A. Traoré,adama-traore,F,51,null,true,regular,goal
0,1,null,null,J. Henderson,jordan-henderson,M,,,T. Alexander-Arnold,trent-alexander-arnold,D,8,null,false,regular,goal
2,2,null,null,A. Rüdiger,antonio-rudiger,D,null,null,M. Mount,mason-mount,M,71,null,false,regular,goal
2,1,null,null,B. Chilwell,ben-chilwell,D,,,Y. Tielemans,youri-tielemans,M,64,null,true,regular,goal
1,1,,,H. Barnes,harvey-barnes,M,,,Y. Tielemans,youri-tielemans,M,54,null,true,regular,goal
0,1,null,null,A. Rüdiger,antonio-rudiger,D,null,null,M. Mount,mason-mount,M,46,null,false,regular,goal
2,1,null,null,M. Samatta,mbwana-samatta,F,null,null,null,null,null,70,null,false,regular,goal
2,0,null,null,N. Aké,nathan-ake,D,null,null,null,null,null,44,null,true,regular,goal
1,0,null,null,P. Billing,philip-billing,M,null,null,D. Gosling,dan-gosling,M,37,null,true,regular,goal
0,1,null,null,V. Guaita,vicente-guaita,G,null,null,null,null,null,58,null,false,ownGoal,goal
4,0,,,M. Salah,mohamed-salah,F,null,null,R. Firmino,roberto-firmino,F,90,null,true,regular,goal
3,0,,,M. Salah,mohamed-salah,F,null,null,J. Henderson,jordan-henderson,M,71,null,true,regular,goal
2,0,null,null,J. Henderson,jordan-henderson,M,null,null,R. Firmino,roberto-firmino,F,60,null,true,regular,goal
1,0,,,A. Oxlade-Chamberlain,alex-oxlade-chamberlain,M,null,null,R. Firmino,roberto-firmino,F,47,null,true,regular,goal
2,3,,,T. Walcott,theo-walcott,M,,,M. Kean,moise-kean,F,90,null,false,regular,goal
2,2,null,null,Y. Mina,yerry-mina,D,null,null,G. Sigurðsson,gylfi-sigurdsson,M,45,4,false,regular,goal
2,1,null,null,Y. Mina,yerry-mina,D,null,null,null,null,null,45,1,false,regular,goal
2,0,null,null,R. Pereyra,roberto-pereyra,M,null,null,T. Deeney,troy-deeney,F,42,null,true,regular,goal
1,0,null,null,A. Masina,adam-masina,D,null,null,G. Deulofeu,gerard-deulofeu,F,10,null,true,regular,goal
3,3,null,null,G. Murray,glenn-murray,F,null,null,D. Pröpper,davy-propper,M,79,null,false,regular,goal
3,2,null,null,P. Groß,pascal-gross,M,null,null,null,null,null,75,null,false,regular,goal
3,1,null,null,R. Snodgrass,robert-snodgrass,M,null,null,null,null,null,57,null,true,regular,goal
2,1,null,null,A. Ogbonna,angelo-ogbonna,D,null,null,null,null,null,47,null,false,ownGoal,goal
2,0,null,null,R. Snodgrass,robert-snodgrass,M,null,null,null,null,null,45,null,true,regular,goal
1,0,null,null,I. Diop,issa-diop,D,null,null,R. Snodgrass,robert-snodgrass,M,30,null,true,regular,goal
2,0,null,null,H. M. Son,heung-min-son,F,null,null,T. Ndombélé,tanguy-ndombele,M,71,null,true,regular,goal
1,0,,,S. Bergwijn,steven-bergwijn,F,null,null,L. Moura,lucas-moura,F,63,null,true,regular,goal
3,1,null,null,D. Calvert-Lewin,dominic-calvert-lewin,F,null,null,null,null,null,88,null,true,regular,goal
2,1,,,Richarlison,richarlison,F,null,null,D. Calvert-Lewin,dominic-calvert-lewin,F,58,null,true,regular,goal
1,1,,,C. Benteke,christian-benteke,F,null,null,W. Zaha,wilfried-zaha,F,51,null,false,regular,goal
1,0,,,Bernard,bernard,F,,,T. Walcott,theo-walcott,M,18,null,true,regular,goal
1,1,null,null,A. Mariappa,adrian-mariappa,D,null,null,null,null,null,78,null,true,ownGoal,goal
0,1,null,null,A. Doucouré,abdoulaye-doucoure,M,null,null,É. Capoue,etienne-capoue,M,19,null,false,regular,goal
2,1,null,null,J. Lundstram,john-lundstram,M,,,L. Mousset,lys-mousset,F,84,null,true,regular,goal
1,1,null,null,B. Sharp,billy-sharp,F,null,null,null,null,null,45,2,true,regular,goal
0,1,null,null,C. Wilson,callum-wilson,F,null,null,null,null,null,13,null,false,regular,goal
1,2,,,M. Vydra,matej-vydra,F,null,null,J. Hendrick,jeff-hendrick,M,60,null,false,regular,goal
1,1,null,null,D. Ings,danny-ings,F,null,null,null,null,null,18,null,true,regular,goal
0,1,null,null,A. Westwood,ashley-westwood,M,null,null,null,null,null,2,null,false,regular,goal
0,1,null,null,S. Mané,sadio-mane,F,null,null,J. Henderson,jordan-henderson,M,78,null,false,regular,goal
2,3,null,null,H. M. Son,heung-min-son,F,null,null,null,null,null,90,4,false,regular,goal
2,2,null,null,B. Engels,bjorn-engels,D,null,null,J. Grealish,jack-grealish,F,53,null,true,regular,goal
1,2,null,null,H. M. Son,heung-min-son,F,null,null,null,null,null,45,2,false,regular,goal
1,1,null,null,T. Alderweireld,toby-alderweireld,D,null,null,E. Dier,eric-dier,D,27,null,false,regular,goal
1,0,null,null,T. Alderweireld,toby-alderweireld,D,null,null,null,null,null,9,null,true,ownGoal,goal
4,0,,,A. Lacazette,alexandre-lacazette,F,null,null,N. Pépé,nicolas-pepe,F,90,5,true,regular,goal
3,0,,,M. Özil,mesut-ozil,M,,,A. Lacazette,alexandre-lacazette,F,90,null,true,regular,goal
2,0,null,null,N. Pépé,nicolas-pepe,F,,,B. Saka,bukayo-saka,M,57,null,true,regular,goal
1,0,null,null,P. Aubameyang,pierre-emerick-aubameyang,F,null,null,N. Pépé,nicolas-pepe,F,54,null,true,regular,goal
0,2,,,H. Maguire,harry-maguire,D,,,B. Fernandes,bruno-fernandes,M,66,null,false,regular,goal
0,1,,,A. Martial,anthony-martial,F,,,A. Wan-Bissaka,aaron-wan-bissaka,D,45,null,false,regular,goal
2,0,,,K. D. Bruyne,kevin-de-bruyne,M,,,B. Silva,bernardo-silva,M,62,null,true,regular,goal
1,0,,,Rodri,rodri,M,,,K. D. Bruyne,kevin-de-bruyne,M,30,null,true,regular,goal
2,1,null,null,A. Rüdiger,antonio-rudiger,D,null,null,null,null,null,89,null,false,ownGoal,goal
2,0,null,null,M. Alonso,marcos-alonso,D,null,null,R. Barkley,ross-barkley,M,48,null,true,regular,goal
1,0,null,null,O. Giroud,olivier-giroud,F,null,null,null,null,null,15,null,true,regular,goal
3,0,,,D. McNeil,dwight-mcneil,M,,,P. Bardsley,phil-bardsley,D,87,null,true,regular,goal
2,0,null,null,J. Rodriguez,jay-rodriguez,F,null,null,null,null,null,61,null,true,penalty,goal
1,0,,,M. Vydra,matej-vydra,F,,,D. McNeil,dwight-mcneil,M,53,null,true,regular,goal
1,0,null,null,P. v. Aanholt,patrick-van-aanholt,D,null,null,null,null,null,44,null,true,regular,goal
1,1,null,null,N. Maupay,neal-maupay,F,null,null,A. Webster,adam-webster,D,30,null,false,regular,goal
1,0,,,E. Stevens,enda-stevens,M,null,null,null,null,null,26,null,true,regular,goal
2,0,null,null,S. Armstrong,stuart-armstrong,M,null,null,C. Adams,che-adams,F,90,5,true,regular,goal
1,0,null,null,S. Long,shane-long,F,null,null,M. Djenepo,moussa-djenepo,M,8,null,true,regular,goal
0,1,null,null,Gabriel,gabriel-jesus,F,null,null,R. Mahrez,riyad-mahrez,F,80,null,false,regular,goal
3,0,null,null,M. Greenwood,mason-greenwood,M,,,B. Fernandes,bruno-fernandes,M,75,null,true,regular,goal
2,0,,,A. Martial,anthony-martial,F,null,null,null,null,null,58,null,true,regular,goal
1,0,,,B. Fernandes,bruno-fernandes,M,null,null,null,null,null,42,null,true,penalty,goal
3,0,null,null,R. Jiménez,raul-jimenez,F,null,null,null,null,null,50,null,true,regular,goal
2,0,,,D. Jota,diogo-jota,F,,,R. Saiss,romain-saiss,D,30,null,true,regular,goal
1,0,,,D. Jota,diogo-jota,F,,,M. Doherty,matt-doherty,M,19,null,true,regular,goal
3,2,null,null,P. Aubameyang,pierre-emerick-aubameyang,F,null,null,N. Pépé,nicolas-pepe,F,46,null,true,regular,goal
2,2,,,Richarlison,richarlison,F,null,null,Y. Mina,yerry-mina,D,45,4,false,regular,goal
2,1,null,null,P. Aubameyang,pierre-emerick-aubameyang,F,,,D. Luiz,david-luiz,D,33,null,true,regular,goal
1,1,null,null,E. Nketiah,edward-nketiah,F,,,B. Saka,bukayo-saka,M,27,null,true,regular,goal
0,1,null,null,D. Calvert-Lewin,dominic-calvert-lewin,F,null,null,null,null,null,1,null,false,regular,goal
3,2,null,null,S. Mané,sadio-mane,F,,,T. Alexander-Arnold,trent-alexander-arnold,D,81,null,true,regular,goal
2,2,,,M. Salah,mohamed-salah,F,,,A. Robertson,andrew-robertson,D,68,null,true,regular,goal
1,2,null,null,P. Fornals,pablo-fornals,M,null,null,D. Rice,declan-rice,M,54,null,false,regular,goal
1,1,null,null,I. Diop,issa-diop,D,null,null,R. Snodgrass,robert-snodgrass,M,12,null,false,regular,goal
1,0,null,null,G. Wijnaldum,georginio-wijnaldum,M,,,T. Alexander-Arnold,trent-alexander-arnold,D,9,null,true,regular,goal
1,0,,,J. Lewis,jamal-lewis,D,null,null,M. Aarons,max-aarons,D,70,null,true,regular,goal
0,1,null,null,J. Ayew,jordan-ayew,F,,,C. Benteke,christian-benteke,F,70,null,false,regular,goal
2,2,null,null,M. Alonso,marcos-alonso,D,null,null,null,null,null,85,null,false,regular,goal
2,1,null,null,J. King,joshua-king,F,null,null,J. Stacey,jack-stacey,D,57,null,true,regular,goal
1,1,null,null,J. Lerma,jefferson-lerma,M,null,null,R. Fraser,ryan-fraser,M,54,null,true,regular,goal
0,1,null,null,M. Alonso,marcos-alonso,D,null,null,null,null,null,33,null,false,regular,goal
3,1,null,null,M. Antonio,michail-antonio,F,null,null,P. Fornals,pablo-fornals,M,54,null,true,regular,goal
2,1,null,null,S. Haller,sebastien-haller,F,null,null,M. Antonio,michail-antonio,F,40,null,true,regular,goal
1,1,null,null,M. Obafemi,michael-obafemi,F,,,J. Ward-Prowse,james-ward-prowse,M,31,null,false,regular,goal
1,0,null,null,J. Bowen,jarrod-bowen,M,null,null,P. Fornals,pablo-fornals,M,15,null,true,regular,goal
3,0,null,null,T. Deeney,troy-deeney,F,null,null,I. Sarr,ismaila-sarr,M,72,null,true,regular,goal
2,0,null,null,I. Sarr,ismaila-sarr,M,null,null,T. Deeney,troy-deeney,F,60,null,true,regular,goal
1,0,null,null,I. Sarr,ismaila-sarr,M,null,null,A. Doucouré,abdoulaye-doucoure,M,54,null,true,regular,goal
1,1,,,B. Fernandes,bruno-fernandes,M,,,N. Matić,nemanja-matic,M,31,null,false,regular,goal
1,0,null,null,D. Calvert-Lewin,dominic-calvert-lewin,F,null,null,null,null,null,3,null,true,regular,goal
2,3,null,null,R. Jiménez,raul-jimenez,F,,,D. Jota,diogo-jota,F,73,null,false,regular,goal
2,2,,,D. Jota,diogo-jota,F,null,null,null,null,null,57,null,false,regular,goal
2,1,null,null,S. Aurier,serge-aurier,D,null,null,D. Alli,dele-alli,M,45,null,true,regular,goal
1,1,,,M. Doherty,matt-doherty,M,null,null,null,null,null,27,null,false,regular,goal
1,0,,,S. Bergwijn,steven-bergwijn,F,null,null,null,null,null,13,null,true,regular,goal
3,0,,,P. Foden,foden-phil,M,null,null,null,null,null,90,1,true,regular,goal
2,0,,,K. D. Bruyne,kevin-de-bruyne,M,null,null,null,null,null,51,null,true,penalty,goal
1,0,null,null,R. Sterling,raheem-sterling,F,null,null,null,null,null,45,2,true,regular,goal
2,1,null,null,S. Mané,sadio-mane,F,null,null,V. v. Dijk,virgil-van-dijk,D,33,null,true,regular,goal
1,1,,,M. Salah,mohamed-salah,F,null,null,S. Mané,sadio-mane,F,24,null,true,regular,goal
0,1,null,null,C. Wilson,callum-wilson,F,null,null,J. Lerma,jefferson-lerma,M,9,null,false,regular,goal
1,0,,,A. Lacazette,alexandre-lacazette,F,,,M. Özil,mesut-ozil,M,78,null,true,regular,goal
1,0,null,null,J. Ayew,jordan-ayew,F,null,null,J. McArthur,james-mcarthur,M,28,null,true,regular,goal
1,0,null,null,B. Sharp,billy-sharp,F,null,null,J. Lundstram,john-lundstram,M,36,null,true,regular,goal
0,1,null,null,A. Saint-Maximin,allan-saint-maximin,M,null,null,null,null,null,79,null,false,regular,goal
1,1,null,null,D. Alli,dele-alli,M,null,null,null,null,null,50,null,false,penalty,goal
1,0,null,null,C. Wood,chris-wood,F,null,null,null,null,null,13,null,true,regular,goal
4,0,null,null,O. Giroud,olivier-giroud,F,,,Willian,willian,F,54,null,true,regular,goal
3,0,,,Willian,willian,F,null,null,R. Barkley,ross-barkley,M,51,null,true,regular,goal
2,0,null,null,Pedro,pedro,F,null,null,R. Barkley,ross-barkley,M,21,null,true,regular,goal
1,0,null,null,M. Mount,mason-mount,M,null,null,Pedro,pedro,F,14,null,true,regular,goal
2,0,,,S. McTominay,scott-mctominay,M,null,null,null,null,null,90,6,true,regular,goal
1,0,,,A. Martial,anthony-martial,F,,,B. Fernandes,bruno-fernandes,M,30,null,true,regular,goal
4,0,,,H. Barnes,harvey-barnes,M,,,M. Albrighton,marc-albrighton,M,85,null,true,regular,goal
3,0,,,J. Vardy,jamie-vardy,F,null,null,null,null,null,79,null,true,regular,goal
2,0,,,J. Vardy,jamie-vardy,F,null,null,null,null,null,63,null,true,penalty,goal
1,0,,,H. Barnes,harvey-barnes,M,,,M. Albrighton,marc-albrighton,M,40,null,true,regular,goal
0,3,,,N. Redmond,nathan-redmond,M,null,null,M. Obafemi,michael-obafemi,F,79,null,false,regular,goal
0,2,null,null,S. Armstrong,stuart-armstrong,M,null,null,D. Ings,danny-ings,F,54,null,false,regular,goal
0,1,null,null,D. Ings,danny-ings,F,null,null,S. Armstrong,stuart-armstrong,M,49,null,false,regular,goal
1,1,,,B. Fernandes,bruno-fernandes,M,null,null,null,null,null,81,null,false,penalty,goal
1,0,,,S. Bergwijn,steven-bergwijn,F,null,null,S. Aurier,serge-aurier,D,27,null,true,regular,goal
1,1,null,null,C. Dawson,craig-dawson,D,null,null,C. Kabasele,christian-kabasele,D,90,3,true,regular,goal
0,1,null,null,B. Chilwell,ben-chilwell,D,,,D. Gray,demarai-gray,M,90,null,false,regular,goal
2,1,null,null,N. Maupay,neal-maupay,F,null,null,A. Connolly,aaron-connolly,F,90,5,true,regular,goal
1,1,null,null,L. Dunk,lewis-dunk,D,null,null,null,null,null,75,null,true,regular,goal
0,1,null,null,N. Pépé,nicolas-pepe,F,,,B. Saka,bukayo-saka,M,68,null,false,regular,goal
0,2,null,null,P. Neto,pedro-neto,F,,,M. Doherty,matt-doherty,M,84,null,false,regular,goal
0,1,null,null,R. Jiménez,raul-jimenez,F,null,null,A. Traoré,adama-traore,F,73,null,false,regular,goal
0,2,null,null,J. Ayew,jordan-ayew,F,null,null,P. v. Aanholt,patrick-van-aanholt,D,23,null,false,regular,goal
0,1,null,null,L. Milivojević,luka-milivojevic,M,null,null,null,null,null,12,null,false,regular,goal
3,0,null,null,Joelinton,joelinton,F,null,null,M. Almirón,miguel-almiron,M,78,null,true,regular,goal
2,0,null,null,M. Ritchie,matt-ritchie,M,null,null,I. Hayden,isaac-hayden,M,69,null,true,regular,goal
1,0,null,null,A. Saint-Maximin,allan-saint-maximin,M,null,null,M. Ritchie,matt-ritchie,M,55,null,true,regular,goal
1,2,null,null,O. Giroud,olivier-giroud,F,null,null,C. Azpilicueta,cesar-azpilicueta,D,62,null,false,regular,goal
1,1,null,null,C. Pulišić,christian-pulisic,F,null,null,C. Azpilicueta,cesar-azpilicueta,D,60,null,false,regular,goal
1,0,,,K. Hause,kortney-hause,D,null,null,null,null,null,43,null,true,regular,goal
5,0,,,P. Foden,foden-phil,M,null,null,Gabriel,gabriel-jesus,F,63,null,true,regular,goal
4,0,,,D. Silva,david-silva,M,,,B. Silva,bernardo-silva,M,51,null,true,regular,goal
3,0,null,null,R. Mahrez,riyad-mahrez,F,null,null,null,null,null,45,3,true,penalty,goal
2,0,null,null,R. Mahrez,riyad-mahrez,F,null,null,Fernandinho,fernandinho,M,43,null,true,regular,goal
1,0,,,P. Foden,foden-phil,M,,,B. Silva,bernardo-silva,M,22,null,true,regular,goal
2,0,null,null,H. Kane,harry-kane,F,null,null,H. M. Son,heung-min-son,F,82,null,true,regular,goal
1,0,,,T. Souček,tomas-soucek,M,null,null,null,null,null,64,null,true,ownGoal,goal
3,0,,,A. Martial,anthony-martial,F,,,M. Rashford,marcus-rashford,M,74,null,true,regular,goal
2,0,,,A. Martial,anthony-martial,F,,,A. Wan-Bissaka,aaron-wan-bissaka,D,44,null,true,regular,goal
1,0,,,A. Martial,anthony-martial,F,,,M. Rashford,marcus-rashford,M,7,null,true,regular,goal
1,1,null,null,A. El-Mohamady,ahmed-el-mohamady,D,null,null,C. Hourihane,conor-hourihane,M,83,null,false,regular,goal
1,0,null,null,D. Gayle,dwight-gayle,F,null,null,A. Carroll,andy-carroll,F,68,null,true,regular,goal
0,1,null,null,M. Keane,michael-keane,D,null,null,L. Digne,lucas-digne,D,55,null,false,regular,goal
1,0,null,null,R. Jiménez,raul-jimenez,F,null,null,A. Traoré,adama-traore,F,60,null,true,regular,goal
4,0,null,null,S. Mané,sadio-mane,F,,,M. Salah,mohamed-salah,F,69,null,true,regular,goal
3,0,,,Fabinho,fabinho,M,,,A. Robertson,andrew-robertson,D,55,null,true,regular,goal
2,0,,,M. Salah,mohamed-salah,F,,,Fabinho,fabinho,M,44,null,true,regular,goal
1,0,,,T. Alexander-Arnold,trent-alexander-arnold,D,null,null,null,null,null,23,null,true,regular,goal
1,0,null,null,J. Rodriguez,jay-rodriguez,F,,,D. McNeil,dwight-mcneil,M,73,null,true,regular,goal
0,2,,,J. Willock,joseph-willock,M,null,null,null,null,null,86,null,false,regular,goal
0,1,null,null,E. Nketiah,edward-nketiah,F,null,null,null,null,null,20,null,false,regular,goal
2,1,,,Willian,willian,F,null,null,null,null,null,78,null,true,penalty,goal
1,1,,,K. D. Bruyne,kevin-de-bruyne,M,null,null,null,null,null,55,null,false,regular,goal
1,0,null,null,C. Pulišić,christian-pulisic,F,null,null,null,null,null,36,null,true,regular,goal
0,1,null,null,L. Dendoncker,leander-dendoncker,M,null,null,J. Otto,jonny-otto,M,62,null,false,regular,goal
1,3,,,J. Ward-Prowse,james-ward-prowse,M,null,null,null,null,null,82,null,false,regular,goal
1,2,,,J. Bednarek,jan-bednarek,D,null,null,null,null,null,79,null,true,ownGoal,goal
0,2,null,null,D. Ings,danny-ings,F,null,null,null,null,null,70,null,false,regular,goal
0,1,null,null,D. Ings,danny-ings,F,null,null,W. Smallbone,will-smallbone,M,16,null,false,regular,goal
0,1,null,null,B. Mee,ben-mee,D,null,null,A. Westwood,ashley-westwood,M,62,null,false,regular,goal
0,3,,,B. Fernandes,bruno-fernandes,M,null,null,M. Greenwood,mason-greenwood,M,50,null,false,regular,goal
0,2,,,B. Fernandes,bruno-fernandes,M,,,P. Pogba,paul-pogba,M,29,null,false,regular,goal
0,1,null,null,M. Greenwood,mason-greenwood,M,,,A. Wan-Bissaka,aaron-wan-bissaka,D,16,null,false,regular,goal
4,0,,,C. Soares,cedric-soares,D,null,null,null,null,null,81,null,true,regular,goal
3,0,null,null,P. Aubameyang,pierre-emerick-aubameyang,F,null,null,null,null,null,67,null,true,regular,goal
2,0,null,null,G. Xhaka,granit-xhaka,M,null,null,P. Aubameyang,pierre-emerick-aubameyang,F,37,null,true,regular,goal
1,0,null,null,P. Aubameyang,pierre-emerick-aubameyang,F,null,null,null,null,null,33,null,true,regular,goal
1,4,null,null,D. Gosling,dan-gosling,M,null,null,N. Aké,nathan-ake,D,90,4,true,regular,goal
0,4,null,null,V. Lazaro,valentino-lazaro,M,null,null,J. Shelvey,jonjo-shelvey,M,77,null,false,regular,goal
0,3,null,null,M. Almirón,miguel-almiron,M,null,null,A. Saint-Maximin,allan-saint-maximin,M,57,null,false,regular,goal
0,2,null,null,S. Longstaff,sean-longstaff,M,null,null,A. Saint-Maximin,allan-saint-maximin,M,30,null,false,regular,goal
0,1,null,null,D. Gayle,dwight-gayle,F,null,null,A. Saint-Maximin,allan-saint-maximin,M,5,null,false,regular,goal
2,1,,,K. Iheanacho,kelechi-iheanacho,F,null,null,null,null,null,51,null,false,regular,goal
2,0,null,null,G. Sigurðsson,gylfi-sigurdsson,M,null,null,null,null,null,16,null,true,penalty,goal
1,0,,,Richarlison,richarlison,F,,,A. Gordon,gordon-anthony,M,10,null,true,regular,goal
3,2,null,null,A. Yarmolenko,andriy-yarmolenko,M,null,null,M. Antonio,michail-antonio,F,89,null,true,regular,goal
2,2,,,Willian,willian,F,null,null,null,null,null,72,null,false,regular,goal
2,1,null,null,M. Antonio,michail-antonio,F,null,null,J. Bowen,jarrod-bowen,M,51,null,true,regular,goal
1,1,,,T. Souček,tomas-soucek,M,null,null,J. Bowen,jarrod-bowen,M,45,2,true,regular,goal
0,1,,,Willian,willian,F,null,null,null,null,null,42,null,false,penalty,goal
3,1,null,null,H. Kane,harry-kane,F,null,null,H. M. Son,heung-min-son,F,90,null,false,regular,goal
3,0,null,null,O. McBurnie,oliver-mcburnie,F,null,null,S. Berge,sander-berge,M,84,null,true,regular,goal
2,0,,,L. Mousset,lys-mousset,F,,,E. Stevens,enda-stevens,M,69,null,true,regular,goal
1,0,null,null,S. Berge,sander-berge,M,,,C. Basham,chris-basham,D,31,null,true,regular,goal
4,0,,,A. Oxlade-Chamberlain,alex-oxlade-chamberlain,M,null,null,null,null,null,66,null,true,ownGoal,goal
3,0,,,P. Foden,foden-phil,M,,,K. D. Bruyne,kevin-de-bruyne,M,45,null,true,regular,goal
2,0,null,null,R. Sterling,raheem-sterling,F,,,P. Foden,foden-phil,M,35,null,true,regular,goal
1,0,,,K. D. Bruyne,kevin-de-bruyne,M,null,null,null,null,null,25,null,true,penalty,goal
0,1,null,null,L. Trossard,leandro-trossard,F,,,A. Mooy,aaron-mooy,M,25,null,false,regular,goal
3,0,,,J. Vardy,jamie-vardy,F,,,H. Barnes,harvey-barnes,M,90,4,true,regular,goal
2,0,,,J. Vardy,jamie-vardy,F,,,H. Barnes,harvey-barnes,M,77,null,true,regular,goal
1,0,,,K. Iheanacho,kelechi-iheanacho,F,,,Y. Tielemans,youri-tielemans,M,49,null,true,regular,goal
5,2,,,B. Fernandes,bruno-fernandes,M,null,null,null,null,null,59,null,true,regular,goal
4,2,null,null,M. Greenwood,mason-greenwood,M,,,N. Matić,nemanja-matic,M,54,null,true,regular,goal
3,2,null,null,J. King,joshua-king,F,null,null,null,null,null,49,null,false,penalty,goal
3,1,,,A. Martial,anthony-martial,F,,,B. Fernandes,bruno-fernandes,M,45,2,true,regular,goal
2,1,,,M. Rashford,marcus-rashford,M,null,null,null,null,null,35,null,true,penalty,goal
1,1,null,null,M. Greenwood,mason-greenwood,M,,,B. Fernandes,bruno-fernandes,M,29,null,true,regular,goal
0,1,null,null,J. Stanislas,junior-stanislas,M,null,null,J. King,joshua-king,F,15,null,false,regular,goal
0,2,,,A. Lacazette,alexandre-lacazette,F,,,J. Willock,joseph-willock,M,86,null,false,regular,goal
0,1,,,B. Saka,bukayo-saka,M,null,null,null,null,null,43,null,false,regular,goal
3,0,null,null,R. Barkley,ross-barkley,M,null,null,C. Azpilicueta,cesar-azpilicueta,D,90,2,true,regular,goal
2,0,,,Willian,willian,F,null,null,null,null,null,43,null,true,penalty,goal
1,0,null,null,O. Giroud,olivier-giroud,F,null,null,R. Barkley,ross-barkley,M,28,null,true,regular,goal
1,1,,,J. Egan,john-egan,D,null,null,B. Sharp,billy-sharp,F,80,null,false,regular,goal
1,0,null,null,J. Tarkowski,james-tarkowski,D,null,null,J. Rodriguez,jay-rodriguez,F,43,null,true,regular,goal
2,2,null,null,J. Shelvey,jonjo-shelvey,M,null,null,D. Gayle,dwight-gayle,F,67,null,true,regular,goal
1,2,,,T. Souček,tomas-soucek,M,null,null,null,null,null,65,null,false,regular,goal
1,1,null,null,M. Almirón,miguel-almiron,M,null,null,E. Krafth,emil-krafth,D,17,null,true,regular,goal
0,1,null,null,M. Antonio,michail-antonio,F,null,null,J. Bowen,jarrod-bowen,M,4,null,false,regular,goal
2,0,,,C. Jones,curtis-jones,M,,,M. Salah,mohamed-salah,F,89,null,true,regular,goal
1,0,null,null,S. Mané,sadio-mane,F,null,null,N. Keïta,naby-keita,M,71,null,true,regular,goal
1,0,null,null,C. Adams,che-adams,F,null,null,S. Armstrong,stuart-armstrong,M,16,null,true,regular,goal
1,0,null,null,M. Keane,michael-keane,D,null,null,null,null,null,24,null,true,ownGoal,goal
2,3,,,C. Benteke,christian-benteke,F,null,null,P. v. Aanholt,patrick-van-aanholt,D,72,null,true,regular,goal
1,3,null,null,T. Abraham,tammy-abraham,F,null,null,R. Loftus-Cheek,ruben-loftus-cheek,M,71,null,false,regular,goal
1,2,null,null,W. Zaha,wilfried-zaha,F,null,null,null,null,null,34,null,true,regular,goal
0,2,null,null,C. Pulišić,christian-pulisic,F,,,Willian,willian,F,27,null,false,regular,goal
0,1,null,null,O. Giroud,olivier-giroud,F,,,Willian,willian,F,6,null,false,regular,goal
2,1,null,null,D. Welbeck,danny-welbeck,F,null,null,null,null,null,55,null,true,regular,goal
1,1,null,null,C. Dawson,craig-dawson,D,null,null,É. Capoue,etienne-capoue,M,10,null,true,regular,goal
0,1,null,null,E. Buendía,emiliano-buendia,M,null,null,O. Hernández,onel-hernandez,M,4,null,false,regular,goal
1,1,,,J. Vardy,jamie-vardy,F,,,D. Gray,demarai-gray,M,84,null,false,regular,goal
1,0,null,null,P. Aubameyang,pierre-emerick-aubameyang,F,,,B. Saka,bukayo-saka,M,21,null,true,regular,goal
5,0,null,null,R. Sterling,raheem-sterling,F,,,D. Silva,david-silva,M,90,1,true,regular,goal
4,0,,,D. Silva,david-silva,M,null,null,null,null,null,65,null,true,regular,goal
3,0,null,null,F. Fernández,federico-fernandez,D,null,null,null,null,null,58,null,true,ownGoal,goal
2,0,null,null,R. Mahrez,riyad-mahrez,F,,,K. D. Bruyne,kevin-de-bruyne,M,21,null,true,regular,goal
1,0,null,null,Gabriel,gabriel-jesus,F,,,D. Silva,david-silva,M,10,null,true,regular,goal
1,0,,,J. Egan,john-egan,D,,,O. Norwood,oliver-norwood,M,90,3,true,regular,goal
0,1,null,null,J. Rodriguez,jay-rodriguez,F,null,null,C. Taylor,charlie-taylor,D,38,null,false,regular,goal
1,3,,,M. Salah,mohamed-salah,F,,,A. Robertson,andrew-robertson,D,76,null,false,regular,goal
1,2,null,null,L. Trossard,leandro-trossard,F,,,T. Lamptey,lamptey-tariq,M,45,null,true,regular,goal
0,2,null,null,J. Henderson,jordan-henderson,M,,,M. Salah,mohamed-salah,F,8,null,false,regular,goal
0,1,,,M. Salah,mohamed-salah,F,null,null,N. Keïta,naby-keita,M,6,null,false,regular,goal
1,1,,,Richarlison,richarlison,F,null,null,L. Digne,lucas-digne,D,44,null,true,regular,goal
0,1,null,null,D. Ings,danny-ings,F,null,null,S. Armstrong,stuart-armstrong,M,31,null,false,regular,goal
0,3,,,P. Pogba,paul-pogba,M,,,B. Fernandes,bruno-fernandes,M,58,null,false,regular,goal
0,2,null,null,M. Greenwood,mason-greenwood,M,,,A. Martial,anthony-martial,F,45,5,false,regular,goal
0,1,,,B. Fernandes,bruno-fernandes,M,null,null,null,null,null,27,null,false,penalty,goal
0,4,null,null,M. Antonio,michail-antonio,F,null,null,R. Fredericks,ryan-fredericks,D,74,null,false,regular,goal
0,3,null,null,M. Antonio,michail-antonio,F,null,null,null,null,null,54,null,false,regular,goal
0,2,null,null,M. Antonio,michail-antonio,F,null,null,M. Noble,mark-noble,M,45,1,false,regular,goal
0,1,null,null,M. Antonio,michail-antonio,F,null,null,I. Diop,issa-diop,D,11,null,false,regular,goal
2,1,null,null,T. Deeney,troy-deeney,F,null,null,null,null,null,82,null,true,penalty,goal
1,1,null,null,T. Deeney,troy-deeney,F,null,null,null,null,null,52,null,true,penalty,goal
0,1,null,null,D. Gayle,dwight-gayle,F,null,null,F. Fernández,federico-fernandez,D,23,null,false,regular,goal
1,1,null,null,J. Rodriguez,jay-rodriguez,F,null,null,J. Tarkowski,james-tarkowski,D,69,null,false,regular,goal
1,0,,,A. Robertson,andrew-robertson,D,,,Fabinho,fabinho,M,34,null,true,regular,goal
3,0,,,D. McGoldrick,david-mcgoldrick,F,null,null,null,null,null,77,null,true,regular,goal
2,0,null,null,O. McBurnie,oliver-mcburnie,F,,,E. Stevens,enda-stevens,M,33,null,true,regular,goal
1,0,,,D. McGoldrick,david-mcgoldrick,F,null,null,null,null,null,18,null,true,regular,goal
0,5,null,null,R. Sterling,raheem-sterling,F,null,null,null,null,null,81,null,false,regular,goal
0,4,,,B. Silva,bernardo-silva,M,null,null,Gabriel,gabriel-jesus,F,56,null,false,regular,goal
0,3,null,null,R. Sterling,raheem-sterling,F,null,null,R. Mahrez,riyad-mahrez,F,53,null,false,regular,goal
0,2,null,null,Gabriel,gabriel-jesus,F,,,Rodri,rodri,M,44,null,false,regular,goal
0,1,null,null,R. Sterling,raheem-sterling,F,null,null,Gabriel,gabriel-jesus,F,21,null,false,regular,goal
3,0,,,D. Jota,diogo-jota,F,null,null,R. Neves,ruben-neves,M,74,null,true,regular,goal
2,0,null,null,L. Dendoncker,leander-dendoncker,M,null,null,P. Neto,pedro-neto,F,46,null,true,regular,goal
1,0,null,null,R. Jiménez,raul-jimenez,F,null,null,null,null,null,45,2,true,penalty,goal
2,0,null,null,Trezeguet,trezeguet,M,null,null,C. Hourihane,conor-hourihane,M,59,null,true,regular,goal
1,0,null,null,Trezeguet,trezeguet,M,null,null,null,null,null,45,4,true,regular,goal
2,1,null,null,T. Alderweireld,toby-alderweireld,D,null,null,H. M. Son,heung-min-son,F,81,null,true,regular,goal
1,1,null,null,H. M. Son,heung-min-son,F,null,null,null,null,null,19,null,true,regular,goal
0,1,,,A. Lacazette,alexandre-lacazette,F,null,null,G. Xhaka,granit-xhaka,M,16,null,false,regular,goal
4,1,null,null,D. Solanke,dominic-solanke,F,null,null,null,null,null,87,null,true,regular,goal
3,1,null,null,J. Evans,jonny-evans,D,null,null,null,null,null,83,null,true,ownGoal,goal
2,1,null,null,D. Solanke,dominic-solanke,F,null,null,D. Rico,diego-rico,D,67,null,true,regular,goal
1,1,null,null,J. Stanislas,junior-stanislas,M,null,null,null,null,null,66,null,true,penalty,goal
0,1,,,J. Vardy,jamie-vardy,F,null,null,null,null,null,23,null,false,regular,goal
2,2,null,null,M. Obafemi,michael-obafemi,F,,,J. Bednarek,jan-bednarek,D,90,6,false,regular,goal
2,1,,,A. Martial,anthony-martial,F,,,B. Fernandes,bruno-fernandes,M,23,null,true,regular,goal
1,1,,,M. Rashford,marcus-rashford,M,,,A. Martial,anthony-martial,F,20,null,true,regular,goal
0,1,null,null,S. Armstrong,stuart-armstrong,M,,,N. Redmond,nathan-redmond,M,12,null,false,regular,goal
1,0,null,null,O. Giroud,olivier-giroud,F,null,null,C. Pulišić,christian-pulisic,F,45,3,true,regular,goal
1,1,null,null,C. Wood,chris-wood,F,null,null,null,null,null,90,6,true,penalty,goal
0,1,null,null,R. Jiménez,raul-jimenez,F,null,null,null,null,null,76,null,false,regular,goal
2,1,null,null,D. Brooks,david-brooks,M,null,null,C. Wilson,callum-wilson,F,88,null,false,regular,goal
2,0,null,null,Gabriel,gabriel-jesus,F,,,D. Silva,david-silva,M,39,null,true,regular,goal
1,0,,,D. Silva,david-silva,M,null,null,null,null,null,6,null,true,regular,goal
1,3,null,null,H. Kane,harry-kane,F,null,null,null,null,null,90,null,false,regular,goal
1,2,null,null,H. Kane,harry-kane,F,,,S. Bergwijn,steven-bergwijn,F,60,null,false,regular,goal
1,1,null,null,M. Ritchie,matt-ritchie,M,null,null,null,null,null,56,null,true,regular,goal
0,1,null,null,H. M. Son,heung-min-son,F,null,null,G. Lo Celso,lo-celso-giovani,M,27,null,false,regular,goal
2,1,,,R. Nelson,reiss-nelson,F,,,A. Lacazette,alexandre-lacazette,F,44,null,true,regular,goal
1,1,,,A. Lacazette,alexandre-lacazette,F,null,null,null,null,null,32,null,true,regular,goal
0,1,null,null,S. Mané,sadio-mane,F,,,A. Robertson,andrew-robertson,D,20,null,false,regular,goal
1,1,,,T. Walcott,theo-walcott,M,null,null,A. Gomes,andre-gomes,M,87,null,true,regular,goal
0,1,null,null,E. Konsa,ezri-konsa,D,null,null,C. Hourihane,conor-hourihane,M,72,null,false,regular,goal
2,0,,,D. Gray,demarai-gray,M,,,J. Vardy,jamie-vardy,F,79,null,true,regular,goal
1,0,null,null,A. Pérez,ayoze-perez,F,null,null,L. Thomas,luke-thomas,M,29,null,true,regular,goal
0,2,,,A. Martial,anthony-martial,F,,,M. Rashford,marcus-rashford,M,78,null,false,regular,goal
0,1,,,M. Rashford,marcus-rashford,M,null,null,null,null,null,45,1,false,regular,goal
1,1,null,null,D. Ings,danny-ings,F,,,N. Redmond,nathan-redmond,M,66,null,true,regular,goal
0,1,null,null,N. Maupay,neal-maupay,F,null,null,G. Murray,glenn-murray,F,17,null,false,regular,goal
3,1,null,null,T. Deeney,troy-deeney,F,null,null,null,null,null,49,null,false,regular,goal
3,0,null,null,D. Rice,declan-rice,M,null,null,M. Noble,mark-noble,M,36,null,true,regular,goal
2,0,,,T. Souček,tomas-soucek,M,null,null,J. Bowen,jarrod-bowen,M,10,null,true,regular,goal
1,0,null,null,M. Antonio,michail-antonio,F,null,null,null,null,null,6,null,true,regular,goal
0,2,,,B. Godfrey,ben-godfrey,D,null,null,null,null,null,80,null,false,ownGoal,goal
0,1,null,null,C. Wood,chris-wood,F,null,null,J. Guðmundsson,johann-gudmundsson,M,45,5,false,regular,goal
0,2,null,null,C. Adams,che-adams,F,null,null,M. Obafemi,michael-obafemi,F,90,8,false,regular,goal
0,1,null,null,D. Ings,danny-ings,F,,,N. Redmond,nathan-redmond,M,41,null,false,regular,goal
3,0,null,null,H. Kane,harry-kane,F,null,null,L. Moura,lucas-moura,F,40,null,true,regular,goal
2,0,null,null,H. Kane,harry-kane,F,null,null,L. Moura,lucas-moura,F,37,null,true,regular,goal
1,0,,,J. Justin,james-justin,D,null,null,null,null,null,6,null,true,ownGoal,goal
0,1,,,Richarlison,richarlison,F,null,null,G. Sigurðsson,gylfi-sigurdsson,M,46,null,false,regular,goal
2,0,null,null,J. Otto,jonny-otto,M,null,null,null,null,null,68,null,true,regular,goal
1,0,null,null,D. Podence,daniel-podence,F,,,M. Doherty,matt-doherty,M,41,null,true,regular,goal
0,4,null,null,A. Laporte,aymeric-laporte,D,,,K. D. Bruyne,kevin-de-bruyne,M,66,null,false,regular,goal
0,3,,,P. Foden,foden-phil,M,null,null,null,null,null,63,null,false,regular,goal
0,2,null,null,R. Sterling,raheem-sterling,F,null,null,null,null,null,40,null,false,regular,goal
0,1,null,null,R. Sterling,raheem-sterling,F,,,K. Walker,kyle-walker,D,31,null,false,regular,goal
1,0,null,null,Trezeguet,trezeguet,M,null,null,T. Mings,tyrone-mings,D,27,null,true,regular,goal
1,1,null,null,M. Greenwood,mason-greenwood,M,,,A. Martial,anthony-martial,F,51,null,true,regular,goal
0,1,null,null,M. Antonio,michail-antonio,F,null,null,null,null,null,45,2,false,penalty,goal
5,3,,,A. Oxlade-Chamberlain,alex-oxlade-chamberlain,M,,,A. Robertson,andrew-robertson,D,84,null,true,regular,goal
4,3,null,null,C. Pulišić,christian-pulisic,F,null,null,C. Hudson-Odoi,callum-hudson-odoi,F,73,null,false,regular,goal
4,2,null,null,T. Abraham,tammy-abraham,F,null,null,C. Pulišić,christian-pulisic,F,61,null,false,regular,goal
4,1,null,null,R. Firmino,roberto-firmino,F,,,T. Alexander-Arnold,trent-alexander-arnold,D,54,null,true,regular,goal
3,1,null,null,O. Giroud,olivier-giroud,F,null,null,null,null,null,45,3,false,regular,goal
3,0,null,null,G. Wijnaldum,georginio-wijnaldum,M,,,M. Salah,mohamed-salah,F,43,null,true,regular,goal
2,0,,,T. Alexander-Arnold,trent-alexander-arnold,D,null,null,null,null,null,38,null,true,regular,goal
1,0,null,null,N. Keïta,naby-keita,M,null,null,null,null,null,23,null,true,regular,goal
3,2,null,null,D. Welbeck,danny-welbeck,F,null,null,I. Sarr,ismaila-sarr,M,66,null,false,regular,goal
3,1,null,null,T. Deeney,troy-deeney,F,null,null,null,null,null,43,null,false,penalty,goal
3,0,null,null,P. Aubameyang,pierre-emerick-aubameyang,F,,,K. Tierney,kieran-tierney,D,33,null,true,regular,goal
2,0,,,K. Tierney,kieran-tierney,D,null,null,P. Aubameyang,pierre-emerick-aubameyang,F,24,null,true,regular,goal
1,0,null,null,P. Aubameyang,pierre-emerick-aubameyang,F,null,null,null,null,null,5,null,true,penalty,goal
1,2,null,null,A. Connolly,aaron-connolly,F,null,null,N. Maupay,neal-maupay,F,50,null,false,regular,goal
1,1,null,null,C. Wood,chris-wood,F,null,null,E. Pieters,erik-pieters,D,44,null,true,regular,goal
0,1,null,null,Y. Bissouma,yves-bissouma,M,null,null,null,null,null,20,null,false,regular,goal
2,0,null,null,O. Giroud,olivier-giroud,F,null,null,M. Mount,mason-mount,M,45,4,true,regular,goal
1,0,null,null,M. Mount,mason-mount,M,null,null,null,null,null,45,1,true,regular,goal
1,1,null,null,J. Schlupp,jeffrey-schlupp,M,null,null,J. Ayew,jordan-ayew,F,53,null,true,regular,goal
0,1,null,null,H. Kane,harry-kane,F,null,null,G. Lo Celso,lo-celso-giovani,M,13,null,false,regular,goal
1,3,null,null,J. Stanislas,junior-stanislas,M,null,null,J. King,joshua-king,F,80,null,false,regular,goal
1,2,null,null,D. Solanke,dominic-solanke,F,null,null,D. Rico,diego-rico,D,45,1,false,regular,goal
1,1,,,M. Kean,moise-kean,F,,,T. Walcott,theo-walcott,M,41,null,true,regular,goal
0,1,null,null,J. King,joshua-king,F,null,null,null,null,null,13,null,false,penalty,goal
0,2,,,J. Lingard,jesse-lingard,M,null,null,null,null,null,90,8,false,regular,goal
0,1,,,B. Fernandes,bruno-fernandes,M,null,null,null,null,null,71,null,false,penalty,goal
5,0,,,K. D. Bruyne,kevin-de-bruyne,M,null,null,null,null,null,90,null,true,regular,goal
4,0,null,null,R. Mahrez,riyad-mahrez,F,null,null,null,null,null,83,null,true,regular,goal
3,0,null,null,R. Sterling,raheem-sterling,F,,,K. D. Bruyne,kevin-de-bruyne,M,79,null,true,regular,goal
2,0,,,K. D. Bruyne,kevin-de-bruyne,M,,,K. Walker,kyle-walker,D,45,1,true,regular,goal
1,0,null,null,Gabriel,gabriel-jesus,F,null,null,null,null,null,11,null,true,regular,goal
1,3,null,null,S. Mané,sadio-mane,F,null,null,R. Firmino,roberto-firmino,F,89,null,false,regular,goal
1,2,null,null,D. Origi,divock-origi,F,,,A. Robertson,andrew-robertson,D,59,null,false,regular,goal
1,1,null,null,V. v. Dijk,virgil-van-dijk,D,,,A. Oxlade-Chamberlain,alex-oxlade-chamberlain,M,38,null,false,regular,goal
1,0,null,null,D. Gayle,dwight-gayle,F,null,null,J. Shelvey,jonjo-shelvey,M,1,null,true,regular,goal
3,1,null,null,D. Ings,danny-ings,F,null,null,null,null,null,84,null,true,penalty,goal
2,1,null,null,C. Adams,che-adams,F,null,null,null,null,null,71,null,true,regular,goal
1,1,null,null,C. Adams,che-adams,F,null,null,W. Smallbone,will-smallbone,M,50,null,true,regular,goal
0,1,null,null,J. Lundstram,john-lundstram,M,null,null,B. Sharp,billy-sharp,F,26,null,false,regular,goal
1,1,null,null,A. Yarmolenko,andriy-yarmolenko,M,null,null,D. Rice,declan-rice,M,85,null,true,regular,goal
0,1,null,null,J. Grealish,jack-grealish,F,null,null,J. McGinn,john-mcginn,M,84,null,false,regular,goal
